id_maladie,id_ville,date,cas_asthme,cas_bronchite,cas_cancer_poumon,taux_hospitalisation,mortalite_respiratoire
261.0,1.0,2016-05,350.0,296.0,114.0,0.094,1.78
1020.0,1.0,2017-03,363.0,252.0,115.0,0.066,1.29
979.0,1.0,2021-01,484.0,335.0,160.0,5.4,1.81
272.0,1.0,2020-08,365.0,310.0,121.0,0.04,1.64
1034.0,1.0,2020-04,529.0,409.0,158.0,0.063,2.86
603.0,1.0,2018-07,450.0,332.0,134.0,0.06,1.61
954.0,1.0,2020-11,371.0,285.0,115.0,6.8,1.61
308.0,1.0,2022-07,367.0,227.0,94.0,0.081,2.01
161.0,1.0,2018-08,493.0,421.0,181.0,1.873880434782609,3.03
176.0,1.0,2023-07,500.0,1211.0196078431372,145.0,3.1,2.1598039215686278
738.0,1.0,2019-02,457.0,369.0,139.0,0.031,1.8
7.0,1.0,2024-07,1059.2135922330096,322.0,117.0,0.04,1.9
454.0,1.0,2022-11,420.0,999.0,135.0,0.012,1.9
92.0,1.0,2021-08,999.0,357.0,518.5,1.873880434782609,1.3
612.0,1.0,2018-09,399.0,290.0,139.0,0.022,1.77
635.0,1.0,2021-12,444.0,324.0,130.0,0.078,2.12
376.0,1.0,2024-12,372.0,256.0,98.0,2.9,1.3
320.0,1.0,2023-08,585.0,433.0,192.0,0.075,3.37
753.0,1.0,2017-01,489.0,312.0,132.0,6.1,2.85
313.0,1.0,2022-08,644.0,483.0,188.0,9.5,3.5
514.0,1.0,2017-11,296.0,288.0,106.0,0.036,2.04
277.0,1.0,2020-07,381.0,243.0,85.0,1.873880434782609,1.26
767.0,1.0,2018-02,457.0,327.0,136.0,6.9,1.8
529.0,1.0,2022-09,999.0,231.0,117.0,0.042,2.0
785.0,1.0,2020-06,460.0,344.0,156.0,0.054,1.94
111.0,1.0,2020-03,309.0,249.0,114.0,2.1,2.43
343.0,1.0,2020-12,407.0,281.0,120.0,0.047,1.87
1001.0,1.0,2017-05,1059.2135922330096,356.0,141.0,4.4,1.86
903.0,1.0,2023-09,514.0,407.0,155.0,0.052,1.8
1027.0,1.0,2016-04,337.0,303.0,104.0,1.9,1.29
874.0,1.0,2021-10,459.0,380.0,158.0,1.873880434782609,1.85
122.0,1.0,2023-12,428.0,372.0,134.0,0.058,2.7
246.0,1.0,2020-01,416.0,358.0,518.5,0.035,1.54
207.0,1.0,2020-05,578.0,454.0,166.0,5.2,1.86
287.0,1.0,2019-01,347.0,267.0,103.0,0.05,1.4
180.0,1.0,2020-10,487.0,999.0,140.0,6.1,2.19
996.0,1.0,2019-11,378.0,317.0,120.0,0.027,1.48
294.0,1.0,2024-05,451.0,387.0,157.0,0.075,2.24
734.0,1.0,2021-02,477.0,303.0,137.0,1.873880434782609,1.87
279.0,1.0,2017-10,355.0,1211.0196078431372,125.0,0.018,2.85
273.0,1.0,2018-05,351.0,254.0,117.0,3.3,2.44
867.0,1.0,2016-11,320.0,1211.0196078431372,105.0,0.044,1.36
105.0,1.0,2022-01,480.0,297.0,149.0,0.048,2.5
737.0,1.0,2021-03,999.0,423.0,181.0,0.064,2.1598039215686278
31.0,1.0,2019-11,54135.0,40648.0,16928.0,1.873880434782609,2.1598039215686278
569.0,1.0,2021-04,655.0,491.0,210.0,0.046,2.39
688.0,1.0,2018-04,630.0,1211.0196078431372,188.0,0.069,2.94
323.0,1.0,2022-04,410.0,352.0,518.5,0.042,2.08
997.0,1.0,2023-03,470.0,350.0,135.0,2.3,3.75
248.0,1.0,2019-07,575.0,398.0,185.0,5.9,1.97
1079.0,1.0,2024-10,54.0,40583.0,16915.0,0.25,2.1598039215686278
924.0,1.0,2017-06,389.0,245.0,117.0,0.054,1.63
228.0,1.0,2017-07,380.0,314.0,144.0,0.022,2.1598039215686278
605.0,1.0,2016-01,1059.2135922330096,393.0,518.5,0.035,3.16
150.0,1.0,2024-03,351.0,287.0,119.0,0.048,2.12
241.0,1.0,2018-12,531.0,366.0,158.0,0.091,2.9
602.0,1.0,2017-12,505.0,346.0,157.0,0.045,2.31
616.0,1.0,2018-02,503.0,295.0,145.0,0.04,1.89
1074.0,1.0,2022-02,1059.2135922330096,227.0,518.5,0.0,1.15
252.0,1.0,2024-02,483.0,467.0,518.5,1.873880434782609,2.79
1078.0,1.0,2024-01,425.0,342.0,121.0,0.06,2.36
720.0,1.0,2024-09,494.0,361.0,146.0,0.066,1.8
615.0,1.0,2019-03,382.0,280.0,999.0,0.039,1.51
826.0,1.0,2019-09,321.0,294.0,116.0,0.067,1.4
329.0,1.0,2020-09,373.0,999.0,518.5,1.873880434782609,1.41
634.0,1.0,2024-10,303.0,246.0,97.0,4.3,1.56
970.0,1.0,2023-05,444.0,315.0,136.0,0.033,2.1598039215686278
260.0,1.0,2024-07,482.0,374.0,134.0,0.049,1.69
492.0,1.0,2019-05,365.0,250.0,137.0,0.052,1.6
727.0,1.0,2016-07,339.0,1211.0196078431372,518.5,0.044,1.5
782.0,1.0,2022-12,330.0,219.0,100.0,1.873880434782609,1.85
356.0,1.0,2018-03,578.0,999.0,169.0,0.056,2.63
770.0,1.0,2022-09,330.0,281.0,999.0,0.053,2.3
776.0,1.0,2018-06,624.0,423.0,151.0,0.057,2.6
211.0,1.0,2019-06,435.0,313.0,125.0,3.7,1.59
1061.0,1.0,2024-04,484.0,349.0,133.0,1.873880434782609,1.7
443.0,1.0,2018-10,422.0,310.0,132.0,1.873880434782609,1.88
679.0,1.0,2023-06,999.0,229.0,105.0,0.068,1.77
117.0,1.0,2019-08,459.0,325.0,122.0,0.051,2.04
587.0,1.0,2023-10,463.0,326.0,150.0,0.046,1.55
1064.0,1.0,2019-04,524.0,359.0,161.0,0.098,1.77
149.0,1.0,2016-08,403.0,220.0,113.0,10.5,1.72
952.0,1.0,2022-06,369.0,240.0,114.0,0.046,1.76
20.0,1.0,2017-02,326.0,203.0,518.5,3.9,0.46
270.0,1.0,2021-07,355.0,238.0,97.0,1.873880434782609,0.92
951.0,1.0,2016-09,412.0,287.0,999.0,4.4,1.83
71.0,1.0,2023-01,341.0,227.0,91.0,0.04,1.72
695.0,1.0,2021-11,611.0,444.0,173.0,1.873880434782609,2.85
550.0,1.0,2024-06,299.0,208.0,999.0,0.0,1.38
127.0,1.0,2023-02,409.0,333.0,150.0,0.032,2.57
219.0,1.0,2016-06,480.0,385.0,154.0,0.089,2.02
554.0,1.0,2023-11,547.0,437.0,168.0,1.873880434782609,1.82
340.0,1.0,2022-03,248.0,201.0,82.0,0.04,0.87
1075.0,1.0,2019-12,228.0,164.0,79.0,3.4,0.72
775.0,1.0,2017-08,411.0,267.0,126.0,0.03,2.2
943.0,1.0,2022-06,354.0,262.0,109.0,0.029,1.5
515.0,1.0,2018-11,291.0,1211.0196078431372,86.0,0.026,0.42
1021.0,1.0,2023-04,346.0,274.0,105.0,1.873880434782609,1.91
23.0,1.0,2021-10,452.0,315.0,158.0,0.041,1.22
668.0,1.0,2017-10,491.0,366.0,151.0,1.873880434782609,2.81
773.0,1.0,2016-02,5219.0,3874.0,1.0,25.0,24.67
448.0,1.0,2016-11,5226.0,3923.0,518.5,25.0,2.38
1066.0,1.0,2016-03,331.0,225.0,110.0,6.2,2.05
455.0,1.0,2021-05,413.0,303.0,127.0,0.038,1.47
645.0,1.0,2020-02,326.0,261.0,110.0,0.039,1.83
359.0,1.0,2017-04,409.0,367.0,136.0,4.5,1.55
948.0,1.0,2021-05,388.0,293.0,109.0,0.054,1.46
349.0,1.0,2016-12,1059.2135922330096,999.0,999.0,6.2,2.58
525.0,2.0,2020-05,565.0,457.0,187.0,0.087,1.9
140.0,2.0,2020-06,471.0,375.0,194.40196078431373,0.039,1.54
205.0,2.0,2024-05,517.0,352.0,153.0,0.05,1.6
186.0,2.0,2017-11,614.0,413.0,183.0,0.021,2.9
677.0,2.0,2024-08,452.0,337.0,141.0,1.8125108695652166,1.85
681.0,2.0,2022-12,999.0,453.45454545454544,91.0,0.043,1.64
610.0,2.0,2016-08,448.0,325.0,152.0,5.2,1.88
288.0,2.0,2020-07,517.0,381.0,157.0,4.0,2.37
95.0,2.0,2022-05,513.0,444.0,158.0,0.044,1.78
821.0,2.0,2016-01,505.0,473.0,163.0,0.011,1.8
876.0,2.0,2023-03,622.0,491.0,188.0,0.086,2.4
321.0,2.0,2021-03,501.0,420.0,158.0,7.0,1.43
772.0,2.0,2018-02,497.0,353.0,172.0,4.1,1.5
80.0,2.0,2017-01,268.0,235.0,84.0,1.8125108695652166,0.4
1004.0,2.0,2023-02,515.0,999.0,154.0,0.049,1.92
521.0,2.0,2022-04,696.0,564.0,217.0,0.078,3.57
502.0,2.0,2020-02,573.2277227722773,410.0,171.0,0.089,2.13
937.0,2.0,2018-04,518.0,334.0,130.0,0.097,3.11
998.0,2.0,2016-02,646.0,479.0,204.0,0.062,2.75
811.0,2.0,2019-09,605.0,406.0,170.0,0.074,1.5
1077.0,2.0,2016-06,614.0,425.0,194.0,1.8125108695652166,2.4
171.0,2.0,2019-11,616.0,414.0,188.0,8.2,2.3
853.0,2.0,2022-07,673.0,486.0,193.0,5.9,3.5
201.0,2.0,2016-07,361.0,283.0,109.0,3.2,1.35
721.0,2.0,2017-09,549.0,337.0,157.0,8.2,2.34
758.0,2.0,2019-01,423.0,298.0,127.0,0.04,1.95
468.0,2.0,2016-03,394.0,287.0,123.0,1.8125108695652166,1.8
441.0,2.0,2019-06,486.0,392.0,145.0,7.0,2.58
536.0,2.0,2022-02,553.0,453.45454545454544,183.0,1.8125108695652166,2.94
1015.0,2.0,2018-09,522.0,361.0,194.40196078431373,0.073,2.22
146.0,2.0,2021-10,524.0,396.0,177.0,0.028,2.72
519.0,2.0,2020-04,420.0,281.0,106.0,7.0,2.65
278.0,2.0,2016-10,295.0,266.0,110.0,0.011,1.71
231.0,2.0,2024-01,489.0,321.0,194.40196078431373,0.061,2.81
28.0,2.0,2019-04,573.2277227722773,407.0,182.0,2.4,1.98
135.0,2.0,2022-03,581.0,453.45454545454544,166.0,1.8125108695652166,2.12
114.0,2.0,2018-02,406.0,317.0,131.0,0.018,1.17
648.0,2.0,2021-12,525.0,402.0,154.0,0.066,1.87
1016.0,2.0,2023-07,507.0,379.0,133.0,0.053,1.47
129.0,2.0,2023-05,229.0,160.0,70.0,0.024,1.67
921.0,2.0,2024-12,617.0,486.0,189.0,0.052,3.1
575.0,2.0,2016-11,573.2277227722773,193.0,999.0,2.8,0.0
539.0,2.0,2017-03,456.0,999.0,159.0,2.8,2.57
124.0,2.0,2020-01,346.0,999.0,123.0,0.023,0.94
2.0,2.0,2024-06,646.0,423.0,164.0,1.8125108695652166,3.02
312.0,2.0,2023-04,618.0,380.0,160.0,0.056,3.43
534.0,2.0,2023-01,358.0,300.0,123.0,0.032,1.9
559.0,2.0,2018-11,528.0,999.0,141.0,7.1,1.67
809.0,2.0,2018-12,421.0,328.0,116.0,0.043,1.9
662.0,2.0,2017-06,328.0,246.0,117.0,0.002,1.03
537.0,2.0,2024-11,297.0,232.0,104.0,1.8125108695652166,1.76
1030.0,2.0,2018-08,573.2277227722773,364.0,153.0,0.103,3.01
474.0,2.0,2017-02,999.0,999.0,150.0,1.8125108695652166,2.31
505.0,2.0,2017-05,529.0,453.45454545454544,163.0,1.3,2.01
134.0,2.0,2018-07,403.0,306.0,95.0,0.067,1.24
10.0,2.0,2024-07,555.0,402.0,170.0,1.8125108695652166,1.86
271.0,2.0,2021-08,438.0,999.0,145.0,0.04,1.9
968.0,2.0,2018-10,545.0,451.0,182.0,0.058,2.0
744.0,2.0,2020-10,316.0,231.0,103.0,5.7,1.39
950.0,2.0,2024-03,999.0,512.0,200.0,0.056,2.45
810.0,2.0,2017-07,5825.0,4357.0,1811.0,25.0,24.07
428.0,2.0,2023-11,999.0,299.0,999.0,6.0,2.64
897.0,2.0,2022-08,440.0,365.0,157.0,1.8125108695652166,2.33
409.0,2.0,2017-10,465.0,453.45454545454544,142.0,0.028,1.08
462.0,2.0,2016-12,533.0,410.0,161.0,6.8,2.261792452830189
249.0,2.0,2024-09,374.0,320.0,120.0,1.8125108695652166,2.4
787.0,2.0,2021-06,573.2277227722773,433.0,168.0,1.8125108695652166,2.36
692.0,2.0,2022-10,508.0,386.0,166.0,0.027,1.13
110.0,2.0,2020-09,492.0,368.0,138.0,0.026,2.15
446.0,2.0,2018-01,472.0,999.0,145.0,0.075,1.43
594.0,2.0,2019-10,464.0,367.0,155.0,0.046,2.5
916.0,2.0,2017-11,444.0,329.0,139.0,1.8125108695652166,2.3
296.0,2.0,2022-06,557.0,369.0,176.0,0.053,1.85
458.0,2.0,2020-08,999.0,453.45454545454544,115.0,0.038,1.88
595.0,2.0,2016-09,573.2277227722773,376.0,146.0,5.5,2.4
299.0,2.0,2019-08,999.0,330.0,124.0,0.033,1.77
398.0,2.0,2021-09,522.0,415.0,180.0,3.1,1.92
581.0,2.0,2021-07,493.0,343.0,141.0,0.031,1.67
11.0,2.0,2022-11,519.0,453.45454545454544,172.0,7.7,1.73
849.0,2.0,2018-05,540.0,360.0,170.0,0.058,2.57
424.0,2.0,2017-05,590.0,436.0,196.0,0.04,2.63
622.0,2.0,2022-02,403.0,348.0,146.0,0.005,2.26
619.0,2.0,2024-02,388.0,286.0,120.0,0.0,1.85
920.0,2.0,2023-05,248.0,167.0,194.40196078431373,0.1,1.78
59.0,2.0,2020-12,482.0,363.0,129.0,0.027,2.261792452830189
512.0,2.0,2021-02,610.0,999.0,200.0,0.077,2.47
423.0,2.0,2021-11,494.0,297.0,160.0,1.8125108695652166,1.81
1071.0,2.0,2016-04,454.0,337.0,151.0,0.017,1.22
73.0,2.0,2023-12,434.0,326.0,194.40196078431373,0.03,3.09
800.0,2.0,2019-06,708.0,453.45454545454544,243.0,11.5,3.26
527.0,2.0,2017-08,719.0,511.0,218.0,1.8125108695652166,2.75
1050.0,2.0,2019-03,428.0,350.0,999.0,0.036,2.12
102.0,2.0,2022-09,485.0,341.0,177.0,0.051,2.04
90.0,2.0,2021-04,453.0,370.0,142.0,0.049,1.5
433.0,2.0,2020-11,662.0,441.0,203.0,0.067,2.66
386.0,2.0,2019-05,509.0,486.0,164.0,0.047,2.38
835.0,2.0,2021-01,693.0,453.45454545454544,214.0,0.039,2.46
880.0,2.0,2016-05,333.0,311.0,132.0,0.014,1.18
1046.0,2.0,2020-03,573.2277227722773,346.0,158.0,0.073,1.96
332.0,2.0,2019-12,342.0,237.0,114.0,0.003,1.6
1059.0,2.0,2024-10,435.0,388.0,159.0,0.06,2.69
836.0,2.0,2018-05,662.0,499.0,184.0,7.7,1.96
79.0,2.0,2021-05,551.0,420.0,154.0,0.047,1.55
24.0,2.0,2023-09,527.0,353.0,146.0,1.5,2.88
85.0,2.0,2019-02,423.0,297.0,127.0,3.1,1.45
618.0,2.0,2023-08,352.0,237.0,114.0,0.079,1.25
871.0,2.0,2024-04,469.0,326.0,194.40196078431373,0.039,2.6
649.0,2.0,2023-11,362.0,285.0,117.0,3.9,1.16
498.0,3.0,2023-08,3218.0204081632655,662.0,282.0,0.063,2.83
568.0,3.0,2020-05,966.0,752.0,306.0,0.05,1.81
197.0,3.0,2020-04,3218.0204081632655,683.0,273.0,0.03,3.18
76.0,3.0,2024-08,3218.0204081632655,345.0,139.0,0.014,1.51
58.0,3.0,2023-04,906.0,724.0,282.0,1.6774799999999994,2.421442307692307
232.0,3.0,2022-05,765.0,556.0,239.0,7.4,8.96
978.0,3.0,2024-10,626.0,444.0,206.0,0.01,2.04
174.0,3.0,2016-07,729.0,549.0,999.0,0.026,2.5
1057.0,3.0,2022-03,980.0,754.0,288.0,5.9,2.24
819.0,3.0,2018-08,1.0,957.0,392.0,0.083,2.45
628.0,3.0,2022-09,1082.0,827.0,322.0,0.083,2.2
91.0,3.0,2022-04,1119.0,878.0,359.0,0.066,3.1
659.0,3.0,2022-10,711.0,628.0,244.0,4.4,1.78
41.0,3.0,2023-10,1114.0,849.0,358.0,6.4,2.62
995.0,3.0,2020-08,996.0,739.0,298.0,0.038,3.58
352.0,3.0,2021-05,1041.0,785.0,308.0,0.091,1.88
32.0,3.0,2019-01,3218.0204081632655,1609.5445544554455,265.0,0.044,2.05
432.0,3.0,2023-07,3218.0204081632655,606.0,228.0,5.5,1.48
884.0,3.0,2024-01,1052.0,1609.5445544554455,319.0,4.7,2.24
189.0,3.0,2024-02,637.0,487.0,191.0,1.6774799999999994,0.62
96.0,3.0,2020-12,1035.0,818.0,358.0,0.117,2.6
26.0,3.0,2018-05,963.0,740.0,318.0,0.043,2.46
66.0,3.0,2021-04,1204.0,883.0,384.0,0.063,2.16
1022.0,3.0,2020-02,462.0,307.0,124.0,0.019,0.52
674.0,3.0,2019-05,983.0,749.0,311.0,0.041,2.65
516.0,3.0,2021-01,1032.0,785.0,327.0,0.032,3.02
520.0,3.0,2021-12,3218.0204081632655,805.0,327.0,0.042,1.68
858.0,3.0,2023-06,457.0,247.0,150.0,4.1,2.0
590.0,3.0,2023-12,896.0,647.0,273.0,1.3,3.1
701.0,3.0,2016-04,855.0,638.0,276.0,0.055,1.42
188.0,3.0,2021-04,1225.0,978.0,390.0,7.4,2.8
425.0,3.0,2018-04,1165.0,864.0,393.0,7.7,3.05
415.0,3.0,2018-01,1101.0,837.0,361.0,0.067,3.13
840.0,3.0,2016-10,634.0,1609.5445544554455,204.0,2.7,1.91
637.0,3.0,2017-07,10442.0,7840.0,3260.0,0.25,2.4
403.0,3.0,2017-10,824.0,565.0,244.0,0.035,1.33
452.0,3.0,2021-07,1054.0,810.0,333.0,9.2,1.76
1024.0,3.0,2016-07,1080.0,1609.5445544554455,354.0,4.9,2.4
974.0,3.0,2024-12,1124.0,846.0,369.0,0.094,2.77
625.0,3.0,2020-01,1022.0,848.0,342.0,0.056,3.0
255.0,3.0,2020-11,831.0,630.0,267.0,3.4,1.96
965.0,3.0,2024-08,523.0,388.0,154.0,0.0,0.71
647.0,3.0,2023-02,1190.0,933.0,1014.8811881188119,0.064,3.07
393.0,3.0,2022-02,948.0,764.0,301.0,1.6774799999999994,2.36
353.0,3.0,2016-12,108414.0,81305.0,33875.0,1.6774799999999994,2.421442307692307
431.0,3.0,2017-03,882.0,684.0,1014.8811881188119,7.7,1.59
266.0,3.0,2021-10,1220.0,938.0,403.0,10.5,1.92
237.0,3.0,2023-11,1090.0,790.0,321.0,0.074,2.89
504.0,3.0,2018-11,999.0,803.0,338.0,0.046,2.8
297.0,3.0,2024-06,1049.0,842.0,326.0,0.077,2.2
322.0,3.0,2020-09,948.0,656.0,291.0,0.064,1.93
429.0,3.0,2023-01,3218.0204081632655,1142.0,465.0,0.111,4.0
125.0,3.0,2019-09,590.0,444.0,187.0,0.029,1.71
440.0,3.0,2017-05,1250.0,922.0,386.0,0.08,2.04
380.0,3.0,2022-12,966.0,1609.5445544554455,294.0,0.073,2.38
449.0,3.0,2019-03,1.0,808.0,999.0,0.069,2.42
1072.0,3.0,2016-09,999.0,711.0,299.0,9.3,2.26
257.0,3.0,2018-07,1015.0,749.0,294.0,0.069,3.0
436.0,3.0,2019-12,790.0,610.0,274.0,0.049,1.98
859.0,3.0,2022-06,1342.0,1609.5445544554455,416.0,10.3,4.03
895.0,3.0,2021-06,924.0,734.0,303.0,6.1,1.9
362.0,3.0,2018-03,1097.0,805.0,323.0,0.049,1.53
78.0,3.0,2017-08,1226.0,923.0,1014.8811881188119,0.059,2.12
222.0,3.0,2024-03,958.0,999.0,315.0,0.065,2.37
221.0,3.0,2017-01,3218.0204081632655,678.0,275.0,7.9,2.38
1042.0,3.0,2019-04,938.0,720.0,260.0,0.048,2.8
157.0,3.0,2020-03,1235.0,999.0,1014.8811881188119,1.6774799999999994,2.7
497.0,3.0,2016-02,944.0,694.0,293.0,5.0,2.5
933.0,3.0,2019-06,1112.0,897.0,345.0,0.094,3.26
289.0,3.0,2020-08,3218.0204081632655,752.0,288.0,8.2,2.08
34.0,3.0,2020-10,1.0,766.0,1014.8811881188119,0.081,2.44
339.0,3.0,2020-06,1134.0,894.0,362.0,5.1,2.4
60.0,3.0,2018-10,1371.0,1031.0,424.0,0.095,3.0
123.0,3.0,2018-06,1323.0,1045.0,403.0,0.102,3.45
160.0,3.0,2023-09,1090.0,807.0,346.0,1.6774799999999994,2.97
689.0,3.0,2016-07,929.0,726.0,283.0,0.077,2.26
115.0,3.0,2016-11,901.0,664.0,283.0,0.057,2.1
14.0,3.0,2019-10,970.0,696.0,298.0,0.065,2.57
184.0,3.0,2024-06,999.0,897.0,360.0,0.074,3.36
1023.0,3.0,2019-11,993.0,703.0,328.0,1.6774799999999994,2.28
57.0,3.0,2021-07,1060.0,771.0,326.0,0.094,1.35
243.0,3.0,2023-04,1.0,738.0,328.0,0.055,2.64
757.0,3.0,2021-11,1241.0,952.0,1014.8811881188119,6.9,3.3
286.0,3.0,2017-12,108326.0,81.0,33.0,0.25,2.421442307692307
812.0,3.0,2017-11,930.0,752.0,290.0,2.0,3.18
993.0,3.0,2022-09,849.0,619.0,260.0,0.058,1.28
623.0,3.0,2019-06,1172.0,852.0,370.0,0.089,2.72
209.0,3.0,2022-07,1025.0,707.0,312.0,0.067,2.28
725.0,3.0,2018-02,3218.0204081632655,759.0,293.0,0.045,1.91
704.0,3.0,2022-01,1166.0,795.0,345.0,1.6774799999999994,2.94
994.0,3.0,2024-04,1065.0,775.0,335.0,0.08,1.6
838.0,3.0,2016-05,999.0,1609.5445544554455,290.0,0.054,1.79
691.0,3.0,2018-09,787.0,585.0,259.0,0.033,1.91
702.0,3.0,2017-06,1057.0,999.0,316.0,0.043,2.1
868.0,3.0,2024-11,419.0,324.0,136.0,0.025,1.9
802.0,3.0,2016-03,1149.0,854.0,368.0,0.047,2.28
251.0,3.0,2024-07,936.0,673.0,274.0,5.2,2.13
890.0,3.0,2019-07,987.0,745.0,999.0,3.8,2.27
652.0,3.0,2017-04,1226.0,933.0,379.0,0.09,3.06
335.0,3.0,2017-09,1081.0,787.0,328.0,0.032,2.95
295.0,3.0,2022-11,1001.0,807.0,1014.8811881188119,0.033,2.421442307692307
565.0,3.0,2019-02,722.0,553.0,227.0,0.006,2.15
671.0,3.0,2021-02,565.0,426.0,181.0,0.028,2.5
991.0,3.0,2023-02,996.0,761.0,292.0,0.057,1.5
544.0,3.0,2021-10,831.0,696.0,288.0,0.001,1.81
690.0,3.0,2016-01,1080.0,801.0,340.0,0.077,2.82
229.0,3.0,2017-02,1112.0,839.0,347.0,0.051,4.0
870.0,3.0,2018-12,108.0,999.0,33812.0,0.25,2.51
442.0,4.0,2023-01,353.0,230.0,121.0,7.6,1.48
394.0,4.0,2019-04,595.0,1270.8252427184466,216.0,4.8,2.71
823.0,4.0,2017-02,999.0,377.0,160.0,0.069,2.3
904.0,4.0,2023-03,405.0,306.0,136.0,0.057,1.49
729.0,4.0,2022-08,589.0,999.0,401.28125,1.6856907216494847,1.97
822.0,4.0,2020-12,1700.18,403.0,162.0,0.06,1.9
781.0,4.0,2018-03,558.0,389.0,401.28125,0.052,1.8
318.0,4.0,2024-10,655.0,518.0,213.0,0.067,2.49
268.0,4.0,2024-02,586.0,421.0,172.0,0.051,2.5
378.0,4.0,2018-06,269.0,208.0,84.0,5.9,1.18
471.0,4.0,2020-07,418.0,307.0,999.0,0.063,2.12
358.0,4.0,2018-04,495.0,999.0,145.0,1.6856907216494847,2.4
1047.0,4.0,2023-04,478.0,314.0,142.0,0.049,2.01
1041.0,4.0,2018-12,999.0,227.0,117.0,0.034,1.87
439.0,4.0,2019-08,534.0,414.0,155.0,0.075,1.88
347.0,4.0,2020-10,413.0,312.0,115.0,0.021,1.36
509.0,4.0,2018-02,585.0,475.0,170.0,7.7,2.4
680.0,4.0,2022-09,349.0,310.0,95.0,1.6856907216494847,2.29
478.0,4.0,2023-10,431.0,999.0,401.28125,0.041,0.93
896.0,4.0,2022-12,360.0,219.0,116.0,4.4,1.56
43.0,4.0,2021-09,549.0,999.0,164.0,6.4,2.45
351.0,4.0,2021-01,760.0,524.0,217.0,0.066,3.64
837.0,4.0,2024-02,542.0,381.0,165.0,0.017,2.4
555.0,4.0,2024-11,517.0,999.0,165.0,0.029,1.8385576923076914
533.0,4.0,2023-08,999.0,345.0,148.0,0.04,1.69
761.0,4.0,2023-06,385.0,279.0,127.0,0.043,1.6
1069.0,4.0,2024-01,584.0,415.0,194.0,8.6,1.9
708.0,4.0,2019-07,528.0,368.0,169.0,1.6856907216494847,3.05
881.0,4.0,2016-02,288.0,217.0,93.0,3.7,1.72
1045.0,4.0,2019-12,565.0,426.0,154.0,0.087,2.5
192.0,4.0,2024-12,325.0,1270.8252427184466,98.0,1.6856907216494847,1.61
131.0,4.0,2021-05,565.0,420.0,183.0,6.0,2.13
784.0,4.0,2016-07,295.0,228.0,115.0,1.6856907216494847,0.38
132.0,4.0,2016-05,502.0,348.0,146.0,3.9,2.7
1065.0,4.0,2017-05,387.0,291.0,115.0,0.031,1.62
341.0,4.0,2021-04,61417.0,46143.0,19223.0,0.25,1.8385576923076914
675.0,4.0,2022-03,539.0,415.0,999.0,0.044,2.0
503.0,4.0,2024-06,1700.18,235.0,87.0,0.0,1.15
771.0,4.0,2019-02,282.0,215.0,114.0,0.028,1.35
518.0,4.0,2019-11,425.0,304.0,142.0,7.5,2.15
500.0,4.0,2021-06,556.0,445.0,181.0,0.072,2.28
265.0,4.0,2017-11,548.0,413.0,171.0,0.063,2.27
382.0,4.0,2022-04,334.0,324.0,121.0,2.7,0.92
333.0,4.0,2020-04,479.0,355.0,141.0,0.042,2.58
999.0,4.0,2019-01,437.0,296.0,113.0,1.6856907216494847,1.4
1011.0,4.0,2022-06,343.0,999.0,112.0,0.007,2.0
958.0,4.0,2024-05,859.0,1270.8252427184466,263.0,0.106,3.97
541.0,4.0,2023-08,463.0,340.0,401.28125,0.054,1.83
1060.0,4.0,2020-09,264.0,177.0,88.0,2.2,0.74
447.0,4.0,2017-08,536.0,393.0,157.0,4.9,2.76
824.0,4.0,2017-04,548.0,412.0,175.0,0.06,2.37
400.0,4.0,2018-05,445.0,350.0,128.0,0.092,1.2
988.0,4.0,2023-12,441.0,344.0,999.0,0.041,2.3
747.0,4.0,2018-07,489.0,384.0,162.0,0.049,1.1
917.0,4.0,2018-10,489.0,377.0,146.0,0.074,2.8
508.0,4.0,2016-06,477.0,337.0,150.0,0.048,2.41
408.0,4.0,2019-06,363.0,1270.8252427184466,401.28125,2.4,2.02
506.0,4.0,2020-11,418.0,335.0,151.0,5.3,2.43
646.0,4.0,2021-03,505.0,436.0,175.0,0.027,1.63
872.0,4.0,2021-11,262.0,184.0,77.0,1.6856907216494847,0.81
967.0,4.0,2023-05,1700.18,999.0,104.0,1.6856907216494847,1.41
63.0,4.0,2016-03,397.0,288.0,134.0,0.029,1.54
82.0,4.0,2022-02,490.0,349.0,178.0,0.04,2.06
116.0,4.0,2020-02,1700.18,352.0,149.0,8.8,2.3
694.0,4.0,2021-08,357.0,249.0,999.0,0.038,2.33
108.0,4.0,2020-08,338.0,1270.8252427184466,93.0,0.059,1.36
638.0,4.0,2017-12,282.0,180.0,72.0,0.007,1.13
426.0,4.0,2016-12,286.0,153.0,96.0,1.6856907216494847,0.65
959.0,4.0,2020-06,621.0,411.0,169.0,0.074,2.67
405.0,4.0,2017-09,515.0,318.0,156.0,4.0,1.12
750.0,4.0,2022-05,1700.18,283.0,999.0,0.03,1.2
84.0,4.0,2017-01,362.0,265.0,401.28125,0.038,1.8385576923076914
445.0,4.0,2022-01,438.0,999.0,107.0,5.3,2.47
540.0,4.0,2018-11,1700.18,354.0,401.28125,2.4,1.53
224.0,4.0,2016-04,476.0,332.0,144.0,7.1,2.16
846.0,4.0,2018-08,526.0,411.0,162.0,0.052,1.97
887.0,4.0,2017-06,420.0,325.0,117.0,0.054,1.33
370.0,4.0,2021-11,508.0,339.0,140.0,4.8,1.81
1043.0,4.0,2021-07,551.0,470.0,192.0,0.049,2.08
369.0,4.0,2022-11,306.0,241.0,132.0,0.07,1.53
986.0,4.0,2021-01,550.0,380.0,401.28125,0.048,2.95
285.0,4.0,2020-05,467.0,355.0,999.0,0.029,2.65
966.0,4.0,2019-05,253.0,196.0,73.0,0.018,0.54
100.0,4.0,2024-08,372.0,286.0,126.0,0.069,0.55
147.0,4.0,2024-07,315.0,173.0,401.28125,0.017,1.01
547.0,4.0,2016-08,512.0,393.0,185.0,0.068,1.97
298.0,4.0,2020-01,230.0,208.0,72.0,0.017,1.57
935.0,4.0,2024-09,552.0,406.0,161.0,0.7,1.75
461.0,4.0,2019-09,411.0,349.0,999.0,2.1,1.17
54.0,4.0,2021-11,418.0,310.0,144.0,1.6856907216494847,1.74
829.0,4.0,2022-10,231.0,194.0,80.0,0.052,1.6
210.0,4.0,2017-10,573.0,473.0,182.0,0.031,1.42
406.0,4.0,2023-11,999.0,254.0,86.0,1.9,1.5
153.0,4.0,2019-03,486.0,338.0,136.0,0.035,2.26
798.0,4.0,2024-04,1700.18,220.0,112.0,0.057,1.79
833.0,4.0,2016-01,551.0,392.0,401.28125,0.051,1.83
485.0,4.0,2020-03,587.0,448.0,174.0,0.064,2.2
121.0,4.0,2018-09,401.0,324.0,114.0,2.7,1.45
1032.0,4.0,2017-07,999.0,340.0,140.0,0.043,2.17
337.0,4.0,2017-03,1700.18,394.0,163.0,0.05,1.15
488.0,4.0,2016-10,613.0,494.0,182.0,0.027,2.87
183.0,4.0,2018-01,582.0,410.0,156.0,4.9,2.25
717.0,4.0,2016-10,248.0,189.0,85.0,6.1,0.32
640.0,4.0,2022-07,400.0,241.0,401.28125,0.042,1.45
992.0,4.0,2023-02,61376.0,46055.0,401.28125,25.0,1.8385576923076914
703.0,4.0,2023-07,494.0,343.0,147.0,0.016,2.45
319.0,4.0,2019-09,464.0,343.0,129.0,0.029,0.75
777.0,4.0,2016-12,280.0,189.0,89.0,0.4,0.7
736.0,5.0,2017-02,821.0,564.0,240.0,0.044,1.96
957.0,5.0,2019-05,1029.0,770.0,999.0,0.018,1.96
314.0,5.0,2024-05,1039.0,746.0,310.0,0.018,1.79
567.0,5.0,2024-11,943.0,640.0,287.0,3.6,1.46
511.0,5.0,2022-09,1046.0,779.0,332.0,0.021,1.78
387.0,5.0,2023-08,873.0,683.0,263.0,0.043,1.22
239.0,5.0,2018-08,930.0,630.0,287.0,0.033,1.14
801.0,5.0,2023-01,1108.0,800.0,322.0,1.1992365591397853,2.13
961.0,5.0,2021-05,1064.0,741.0,309.0,0.036,1.4
588.0,5.0,2021-09,1364.16,479.0,185.0,0.027,0.88
1067.0,5.0,2017-08,874.0,642.0,278.0,0.07,1.87
148.0,5.0,2023-02,1196.0,870.0,384.0,0.028,1.2
130.0,5.0,2023-10,739.0,598.0,255.0,3.8,2.02
242.0,5.0,2018-07,668.0,468.0,205.0,0.023,1.0
789.0,5.0,2020-09,1249.0,923.0,467.34653465346537,0.052,1.62
902.0,5.0,2018-04,607.0,492.0,186.0,3.8,1.44
980.0,5.0,2020-07,627.0,507.0,221.0,4.1,1.19
929.0,5.0,2016-10,1061.0,788.0,334.0,0.051,2.33
783.0,5.0,2021-04,559.0,506.0,209.0,0.02,1.45
697.0,5.0,2024-06,819.0,618.0,272.0,0.032,2.26
143.0,5.0,2018-02,777.0,580.0,240.0,0.053,1.7
1018.0,5.0,2018-12,755.0,571.0,999.0,1.1992365591397853,1.0
1035.0,5.0,2024-03,999.0,542.0,231.0,1.1992365591397853,0.2
841.0,5.0,2017-11,1221.0,936.0,387.0,0.069,1.35
301.0,5.0,2024-09,554.0,423.0,181.0,6.3,1.12
181.0,5.0,2020-12,644.0,915.0194174757281,189.0,1.1,0.93
653.0,5.0,2017-07,1364.16,10299.0,4288.0,25.0,23.95
942.0,5.0,2018-05,866.0,698.0,999.0,5.5,0.7
375.0,5.0,2022-10,880.0,680.0,293.0,0.055,2.69
1031.0,5.0,2022-12,684.0,471.0,224.0,3.5,1.59
535.0,5.0,2024-07,639.0,470.0,999.0,3.8,0.92
392.0,5.0,2022-02,1364.16,440.0,183.0,0.025,1.3
227.0,5.0,2017-09,13449.0,9.0,4192.0,0.25,23.85
1062.0,5.0,2022-01,588.0,915.0194174757281,193.0,0.057,1.34
324.0,5.0,2017-10,929.0,666.0,277.0,0.045,1.54
926.0,5.0,2020-02,828.0,676.0,271.0,1.1992365591397853,0.9
709.0,5.0,2022-11,926.0,674.0,288.0,1.1992365591397853,1.89
816.0,5.0,2024-08,1004.0,794.0,325.0,4.3,2.49
786.0,5.0,2022-07,877.0,637.0,467.34653465346537,5.9,1.55
642.0,5.0,2023-05,758.0,499.0,212.0,3.1,1.4
597.0,5.0,2019-01,925.0,684.0,467.34653465346537,0.044,1.84
808.0,5.0,2018-09,690.0,467.0,219.0,0.0,2.19
1049.0,5.0,2020-05,618.0,443.0,191.0,0.001,1.79
592.0,5.0,2023-03,633.0,915.0194174757281,210.0,0.046,1.11
166.0,5.0,2024-01,671.0,597.0,252.0,0.012,0.82
551.0,5.0,2017-03,751.0,580.0,235.0,1.1992365591397853,1.88
397.0,5.0,2021-07,559.0,915.0194174757281,186.0,0.003,1.49
1036.0,5.0,2016-03,1364.16,514.0,210.0,0.038,8.71
585.0,5.0,2017-12,1221.0,889.0,999.0,0.047,2.37
909.0,5.0,2021-11,892.0,616.0,281.0,0.056,1.57
1014.0,5.0,2016-07,620.0,442.0,167.0,5.4,0.53
89.0,5.0,2018-06,859.0,622.0,467.34653465346537,2.2,0.4
607.0,5.0,2016-04,753.0,593.0,267.0,0.03,1.52
98.0,5.0,2021-08,776.0,555.0,999.0,3.1,1.72
778.0,5.0,2021-10,839.0,589.0,261.0,0.008,2.29
361.0,5.0,2021-01,1054.0,832.0,467.34653465346537,0.0,1.33
911.0,5.0,2019-08,769.0,604.0,229.0,0.054,0.91
806.0,5.0,2021-03,1039.0,752.0,298.0,0.054,1.2
330.0,5.0,2019-09,674.0,508.0,193.0,0.024,1.25
238.0,5.0,2020-08,838.0,588.0,467.34653465346537,0.035,1.39
756.0,5.0,2016-08,1210.0,955.0,388.0,0.045,2.1
891.0,5.0,2022-04,740.0,610.0,223.0,0.034,1.4
834.0,5.0,2020-10,1091.0,999.0,342.0,3.9,1.1
735.0,5.0,2023-11,740.0,532.0,226.0,1.1992365591397853,1.3
938.0,5.0,2021-06,882.0,999.0,283.0,0.036,1.5
685.0,5.0,2019-07,751.0,552.0,215.0,1.1992365591397853,1.73
1002.0,5.0,2021-03,1040.0,721.0,314.0,0.032,2.39
19.0,5.0,2024-02,999.0,403.0,203.0,0.016,1.08
885.0,5.0,2016-01,795.0,604.0,242.0,0.046,1.37
795.0,5.0,2018-11,774.0,551.0,247.0,0.056,0.81
598.0,5.0,2016-12,1364.16,665.0,243.0,0.022,1.4
893.0,5.0,2016-10,651.0,487.0,220.0,2.2,1.64
495.0,5.0,2020-04,589.0,406.0,172.0,0.014,0.86
886.0,5.0,2021-11,530.0,415.0,185.0,1.4,0.65
30.0,5.0,2017-05,895.0,726.0,313.0,0.029,1.86
832.0,5.0,2022-03,721.0,546.0,223.0,0.023,1.28
990.0,5.0,2016-02,759.0,494.0,234.0,0.031,1.6
643.0,5.0,2022-06,1032.0,999.0,343.0,0.039,1.63
391.0,5.0,2019-12,671.0,518.0,210.0,0.045,1.05
40.0,5.0,2017-06,1072.0,787.0,467.34653465346537,3.2,1.53
764.0,5.0,2019-10,13428.0,10018.0,4214.0,0.25,23.31
1028.0,5.0,2019-06,1152.0,854.0,368.0,1.1992365591397853,2.43
576.0,5.0,2023-12,596.0,453.0,189.0,0.017,1.15
549.0,5.0,2017-04,897.0,661.0,287.0,0.008,0.78
842.0,5.0,2023-04,881.0,639.0,280.0,1.1992365591397853,1.31
596.0,5.0,2024-03,608.0,492.0,197.0,4.8,0.98
477.0,5.0,2019-03,847.0,632.0,257.0,1.1992365591397853,1.68
1037.0,5.0,2024-10,1085.0,819.0,363.0,0.035,1.96
463.0,5.0,2018-01,866.0,687.0,291.0,0.034,1.02
586.0,5.0,2023-07,783.0,516.0,223.0,0.024,1.93
480.0,5.0,2018-10,830.0,623.0,250.0,0.047,1.12
898.0,5.0,2016-11,1010.0,777.0,999.0,5.6,1.98
538.0,5.0,2020-06,938.0,674.0,284.0,0.046,1.79
206.0,5.0,2023-06,514.0,441.0,174.0,0.009,0.8
70.0,5.0,2019-02,1228.0,897.0,389.0,0.05,1.92
336.0,5.0,2017-01,787.0,604.0,239.0,0.043,0.99
788.0,5.0,2016-05,798.0,635.0,253.0,0.052,1.4
292.0,5.0,2023-09,1126.0,770.0,368.0,1.1992365591397853,1.75
611.0,5.0,2022-05,1364.16,732.0,276.0,2.8,2.02
317.0,5.0,2019-11,1029.0,773.0,305.0,1.1992365591397853,1.32
928.0,5.0,2019-04,13757.0,915.0194174757281,4293.0,0.25,24.1
940.0,5.0,2020-11,1364.16,751.0,319.0,0.035,1.8
960.0,5.0,2020-01,999.0,483.0,181.0,1.1992365591397853,0.51
437.0,5.0,2018-03,1087.0,728.0,326.0,0.077,1.59
372.0,5.0,2020-03,1364.16,822.0,339.0,0.051,1.9
1013.0,5.0,2024-12,13325.0,10036.0,4.0,1.1992365591397853,23.02
328.0,5.0,2022-08,1157.0,846.0,366.0,0.045,2.0
218.0,5.0,2016-06,935.0,731.0,296.0,0.066,2.5762616822429916
878.0,6.0,2018-09,823.0,588.0,235.0,0.033,2.18
200.0,6.0,2022-12,541.0,311.0,155.0,1.972886597938145,1.0
636.0,6.0,2023-03,1858.28125,614.0,231.0,1.972886597938145,1.99
608.0,6.0,2022-08,999.0,999.0,298.0,0.051,2.01
571.0,6.0,2016-06,645.0,444.0,182.0,0.054,1.71
815.0,6.0,2023-06,394.0,275.0,116.0,0.0,1.5
716.0,6.0,2021-07,641.0,465.0,999.0,0.047,0.8
377.0,6.0,2022-05,1858.28125,2144.4174757281553,180.0,0.029,1.94
419.0,6.0,2016-04,854.0,667.0,277.0,7.7,2.04
1056.0,6.0,2020-01,475.0,331.0,154.0,3.5,1.18
97.0,6.0,2020-03,821.0,596.0,251.0,4.1,2.0
892.0,6.0,2022-11,999.0,328.0,125.0,0.0,1.33
173.0,6.0,2016-07,1858.28125,617.0,261.0,0.031,1.73
731.0,6.0,2016-10,470.0,319.0,135.0,0.022,0.58
723.0,6.0,2017-12,1858.28125,540.0,212.0,2.6,1.77
401.0,6.0,2018-02,405.0,310.0,148.0,0.0,1.99
889.0,6.0,2021-12,825.0,548.0,999.0,0.042,1.89
142.0,6.0,2016-09,563.0,355.0,190.0,2.7,0.3
1006.0,6.0,2023-05,716.0,562.0,219.0,0.067,2.25
104.0,6.0,2020-08,722.0,567.0,999.0,0.044,1.96
672.0,6.0,2019-03,738.0,555.0,232.0,0.023,1.09
355.0,6.0,2017-05,562.0,404.0,636.6153846153846,1.4,1.44
407.0,6.0,2018-05,716.0,551.0,226.0,0.053,1.51
814.0,6.0,2020-05,796.0,596.0,253.0,3.9,2.25
563.0,6.0,2022-10,662.0,520.0,197.0,1.972886597938145,1.989902912621359
55.0,6.0,2019-12,615.0,999.0,181.0,1.972886597938145,0.45
742.0,6.0,2023-02,713.0,437.0,184.0,1.972886597938145,2.57
1039.0,6.0,2017-04,673.0,541.0,212.0,0.086,1.989902912621359
182.0,6.0,2020-10,784.0,573.0,245.0,0.055,1.989902912621359
780.0,6.0,2019-08,104158.0,78130.0,636.6153846153846,0.25,1.989902912621359
451.0,6.0,2016-08,999.0,307.0,132.0,0.0,0.2
109.0,6.0,2021-03,868.0,564.0,246.0,0.049,2.51
907.0,6.0,2018-11,636.0,2144.4174757281553,195.0,0.022,1.99
499.0,6.0,2022-06,999.0,390.0,140.0,5.5,1.55
51.0,6.0,2017-07,9807.0,7295.0,3050.0,25.0,23.83
141.0,6.0,2019-06,818.0,597.0,260.0,3.0,1.97
882.0,6.0,2022-01,674.0,460.0,192.0,1.972886597938145,1.87
760.0,6.0,2020-06,433.0,315.0,636.6153846153846,0.028,1.6
844.0,6.0,2023-04,999.0,486.0,209.0,1.972886597938145,0.41
664.0,6.0,2016-12,832.0,595.0,252.0,0.046,1.33
1068.0,6.0,2021-09,688.0,522.0,212.0,4.3,1.94
606.0,6.0,2019-09,527.0,370.0,162.0,0.022,1.61
794.0,6.0,2022-04,834.0,640.0,248.0,0.043,1.88
971.0,6.0,2024-12,425.0,319.0,134.0,0.047,0.29
666.0,6.0,2021-08,423.0,351.0,636.6153846153846,0.0,1.01
216.0,6.0,2022-09,1009.0,783.0,999.0,0.043,2.31
768.0,6.0,2020-02,1019.0,774.0,293.0,8.2,3.42
119.0,6.0,2024-10,450.0,287.0,115.0,0.049,1.37
741.0,6.0,2024-05,481.0,398.0,171.0,4.4,0.95
464.0,6.0,2019-12,514.0,413.0,999.0,1.972886597938145,1.96
371.0,6.0,2019-06,719.0,573.0,228.0,5.8,2.27
845.0,6.0,2019-04,441.0,358.0,138.0,5.3,1.4
745.0,6.0,2022-07,625.0,467.0,197.0,0.038,1.49
828.0,6.0,2021-02,1858.28125,78085.0,32528.0,0.25,2.5
473.0,6.0,2016-02,596.0,480.0,192.0,0.031,1.71
1076.0,6.0,2024-03,731.0,595.0,260.0,4.0,1.95
264.0,6.0,2018-08,838.0,568.0,247.0,5.1,1.0
873.0,6.0,2024-01,606.0,455.0,193.0,5.1,1.36
807.0,6.0,2024-04,517.0,409.0,169.0,0.005,1.4
81.0,6.0,2024-08,511.0,378.0,150.0,0.027,1.31
159.0,6.0,2017-10,552.0,999.0,197.0,3.2,2.17
927.0,6.0,2018-12,456.0,385.0,150.0,0.021,1.1
245.0,6.0,2019-06,455.0,293.0,127.0,0.046,0.65
152.0,6.0,2019-10,799.0,999.0,240.0,0.027,1.34
1053.0,6.0,2019-01,726.0,542.0,226.0,0.042,2.19
68.0,6.0,2016-03,1858.28125,555.0,237.0,0.049,1.67
913.0,6.0,2017-06,578.0,416.0,183.0,1.972886597938145,1.43
168.0,6.0,2018-04,742.0,499.0,230.0,0.049,0.78
566.0,6.0,2021-06,707.0,530.0,216.0,0.045,2.15
739.0,6.0,2024-07,765.0,557.0,229.0,5.0,1.39
899.0,6.0,2023-11,535.0,388.0,999.0,0.041,0.78
259.0,6.0,2017-09,441.0,305.0,126.0,0.034,1.41
357.0,6.0,2020-04,761.0,2144.4174757281553,240.0,0.045,0.77
799.0,6.0,2016-05,828.0,611.0,248.0,3.0,2.14
258.0,6.0,2023-07,537.0,468.0,151.0,0.046,1.88
145.0,6.0,2020-07,798.0,2144.4174757281553,256.0,0.031,1.04
1063.0,6.0,2020-09,397.0,2144.4174757281553,154.0,0.027,1.73
202.0,6.0,2018-03,861.0,690.0,279.0,5.8,2.53
178.0,6.0,2024-02,1858.28125,393.0,141.0,0.002,0.87
748.0,6.0,2016-11,1858.28125,426.0,141.0,5.6,1.56
311.0,6.0,2021-01,552.0,461.0,190.0,5.0,1.2
61.0,6.0,2017-08,999.0,385.0,161.0,0.026,1.58
578.0,6.0,2017-03,752.0,590.0,262.0,6.8,2.11
404.0,6.0,2017-02,999.0,705.0,300.0,2.0,2.76
791.0,6.0,2018-07,572.0,464.0,999.0,0.034,1.54
919.0,6.0,2021-10,619.0,439.0,189.0,4.0,1.2
338.0,6.0,2023-09,1858.28125,531.0,210.0,0.024,1.51
290.0,6.0,2024-06,728.0,509.0,223.0,0.049,0.97
93.0,6.0,2023-10,999.0,335.0,142.0,0.044,0.1
825.0,6.0,2021-05,999.0,7389.0,3077.0,25.0,23.9
52.0,6.0,2021-11,582.0,445.0,180.0,0.093,0.85
962.0,6.0,2023-08,1858.28125,575.0,231.0,1.972886597938145,2.87
713.0,6.0,2018-01,716.0,529.0,220.0,0.045,1.3
360.0,6.0,2023-01,445.0,387.0,143.0,0.009,1.61
137.0,6.0,2022-02,743.0,549.0,235.0,0.017,1.4
99.0,6.0,2019-03,1858.28125,309.0,148.0,0.048,1.67
345.0,6.0,2020-11,708.0,648.0,251.0,3.4,1.79
187.0,6.0,2018-06,629.0,450.0,184.0,0.044,1.989902912621359
918.0,6.0,2017-12,848.0,636.0,272.0,8.1,2.27
869.0,6.0,2016-01,731.0,569.0,999.0,5.3,1.28
752.0,6.0,2021-03,1858.28125,542.0,212.0,1.972886597938145,2.07
945.0,6.0,2017-01,855.0,585.0,252.0,0.048,2.7
572.0,6.0,2024-09,588.0,480.0,183.0,3.6,1.44
820.0,6.0,2018-10,505.0,364.0,999.0,0.037,1.05
552.0,6.0,2020-12,824.0,661.0,253.0,0.035,1.48
939.0,6.0,2023-11,543.0,395.0,149.0,0.025,1.58
1000.0,6.0,2024-10,457.0,340.0,130.0,0.0,0.39
476.0,6.0,2022-03,735.0,571.0,237.0,1.3,0.91
915.0,7.0,2016-11,823.0,543.0,247.0,1.4236666666666675,1.79
696.0,7.0,2024-10,1049.0,781.0,311.0,0.058,2.02
225.0,7.0,2021-07,1012.0,749.0,322.0,0.028,1.94
528.0,7.0,2022-07,979.92,880.0,999.0,0.048,2.66
5.0,7.0,2016-01,1271.0,896.0,390.0,0.027,2.7
69.0,7.0,2016-12,915.0,687.0,258.0,0.049,1.88
291.0,7.0,2017-01,1153.0,885.0,353.0,0.077,1.9
599.0,7.0,2020-02,811.0,639.0,231.0,0.025,0.34
453.0,7.0,2018-11,1077.0,863.0,345.0,0.066,2.96
661.0,7.0,2019-05,1057.0,786.1666666666666,323.0,5.4,1.11
584.0,7.0,2019-07,1378.0,1033.0,419.0,0.049,2.71
558.0,7.0,2017-09,979.92,727.0,358.38613861386136,7.9,1.5
542.0,7.0,2019-01,999.0,773.0,344.0,1.4236666666666675,2.72
591.0,7.0,2016-05,1102.0,786.0,999.0,0.035,2.66
905.0,7.0,2016-04,1151.0,901.0,382.0,6.7,2.63
35.0,7.0,2018-12,999.0,684.0,281.0,0.047,1.35
1044.0,7.0,2022-01,1051.0,795.0,325.0,0.056,1.17
416.0,7.0,2016-07,1171.0,865.0,385.0,0.049,2.63
877.0,7.0,2016-02,1182.0,857.0,358.38613861386136,4.6,2.06
839.0,7.0,2018-08,919.0,670.0,271.0,0.021,0.84
164.0,7.0,2023-06,1307.0,969.0,402.0,0.044,2.88
37.0,7.0,2017-04,1209.0,872.0,378.0,0.0,1.72
658.0,7.0,2020-06,828.0,651.0,262.0,0.051,0.59
556.0,7.0,2020-08,790.0,582.0,240.0,0.091,1.29
630.0,7.0,2021-04,1074.0,786.1666666666666,366.0,3.1,2.95
139.0,7.0,2020-03,979.0,739.0,308.0,0.056,1.863490566037736
548.0,7.0,2017-12,793.0,598.0,358.38613861386136,0.015,1.12
101.0,7.0,2021-01,979.92,946.0,377.0,4.0,1.51
711.0,7.0,2022-04,684.0,518.0,211.0,0.018,0.17
193.0,7.0,2016-03,1052.0,819.0,313.0,0.06,0.9
421.0,7.0,2024-03,979.92,724.0,999.0,0.056,1.6
682.0,7.0,2022-09,790.0,613.0,253.0,0.041,1.863490566037736
803.0,7.0,2024-08,1.0,949.0,383.0,4.2,1.87
253.0,7.0,2020-11,880.0,640.0,262.0,1.4236666666666675,1.7
195.0,7.0,2022-08,1236.0,999.0,380.0,1.4236666666666675,1.67
487.0,7.0,2017-07,672.0,503.0,216.0,0.036,1.15
402.0,7.0,2023-11,1381.0,1029.0,414.0,0.071,2.03
706.0,7.0,2018-01,545.0,451.0,169.0,0.008,1.41
513.0,7.0,2021-05,575.0,434.0,181.0,0.0,0.85
395.0,7.0,2022-11,1019.0,815.0,326.0,1.4236666666666675,1.3
673.0,7.0,2018-07,907.0,739.0,288.0,1.6,1.44
233.0,7.0,2023-02,1301.0,1025.0,421.0,0.06,2.87
230.0,7.0,2020-05,923.0,701.0,285.0,0.7,1.78
244.0,7.0,2018-03,999.0,973.0,999.0,6.4,2.65
22.0,7.0,2020-01,1326.0,1028.0,410.0,0.041,2.46
470.0,7.0,2016-10,631.0,786.1666666666666,213.0,4.0,5.6
418.0,7.0,2020-04,569.0,457.0,183.0,3.4,0.1
866.0,7.0,2023-09,832.0,625.0,266.0,0.025,1.75
475.0,7.0,2020-11,1410.0,997.0,406.0,0.02,2.31
710.0,7.0,2023-03,1148.0,834.0,342.0,1.4,1.9
574.0,7.0,2022-02,1109.0,843.0,355.0,0.061,1.79
769.0,7.0,2018-04,964.0,732.0,999.0,3.7,1.77
609.0,7.0,2016-06,1369.0,1053.0,427.0,10.2,1.89
315.0,7.0,2019-02,999.0,911.0,387.0,4.5,1.94
1038.0,7.0,2019-12,651.0,526.0,205.0,2.8,0.34
254.0,7.0,2017-08,1016.0,786.1666666666666,328.0,0.06,2.5
1026.0,7.0,2024-12,1166.0,878.0,376.0,2.7,1.7
281.0,7.0,2023-08,1108.0,786.1666666666666,371.0,0.049,2.09
199.0,7.0,2024-02,1370.0,999.0,407.0,0.084,2.31
714.0,7.0,2023-10,1093.0,828.0,342.0,0.057,2.1
348.0,7.0,2019-11,1035.0,807.0,358.38613861386136,0.041,1.14
459.0,7.0,2017-05,883.0,710.0,271.0,0.052,2.29
434.0,7.0,2022-05,999.0,371.0,999.0,0.03,0.44
220.0,7.0,2019-09,996.0,724.0,324.0,0.034,1.11
307.0,7.0,2021-02,866.0,999.0,272.0,0.037,1.35
941.0,7.0,2017-06,467.0,415.0,185.0,0.017,0.8
213.0,7.0,2017-10,985.0,724.0,310.0,6.9,2.23
414.0,7.0,2021-09,828.0,579.0,252.0,0.025,1.2
862.0,7.0,2022-12,607.0,999.0,180.0,1.4236666666666675,0.79
906.0,7.0,2020-12,999.0,714.0,295.0,4.1,1.66
128.0,7.0,2021-12,1032.0,828.0,323.0,1.4236666666666675,2.18
517.0,7.0,2020-07,1030.0,775.0,326.0,3.0,2.04
38.0,7.0,2016-08,1095.0,999.0,348.0,5.7,2.33
456.0,7.0,2021-07,933.0,658.0,282.0,0.043,2.3
342.0,7.0,2018-06,778.0,627.0,261.0,0.05,1.91
632.0,7.0,2022-06,999.0,433.0,196.0,0.013,0.9
931.0,7.0,2018-10,1457.0,1138.0,473.0,0.089,2.73
430.0,7.0,2017-11,1220.0,902.0,389.0,1.4236666666666675,1.79
1029.0,7.0,2017-03,1058.0,834.0,332.0,0.028,2.97
888.0,7.0,2021-11,915.0,686.0,281.0,2.0,1.47
262.0,7.0,2023-07,855.0,642.0,260.0,3.6,2.06
593.0,7.0,2021-06,1.0,865.0,353.0,1.4236666666666675,2.76
16.0,7.0,2019-08,979.92,822.0,355.0,6.2,2.64
422.0,7.0,2019-04,1272.0,988.0,371.0,4.1,2.1
39.0,7.0,2022-10,1.0,892.0,382.0,0.056,2.6
21.0,7.0,2022-03,1231.0,936.0,358.38613861386136,0.024,2.98
179.0,7.0,2023-05,979.92,999.0,249.0,0.0,1.66
169.0,7.0,2024-05,1256.0,925.0,382.0,0.059,2.41
875.0,7.0,2018-02,912.0,721.0,291.0,0.034,1.24
830.0,7.0,2024-01,946.0,999.0,291.0,1.4236666666666675,2.58
582.0,7.0,2024-06,979.92,1229.0,537.0,9.4,3.3
644.0,7.0,2020-09,929.0,718.0,304.0,0.066,0.93
804.0,7.0,2024-04,721.0,786.1666666666666,228.0,0.057,1.35
715.0,7.0,2023-12,993.0,800.0,320.0,0.024,1.29
813.0,7.0,2024-09,869.0,688.0,285.0,0.0,1.47
365.0,7.0,2019-10,988.0,696.0,287.0,0.044,2.08
910.0,7.0,2019-03,979.92,561.0,217.0,0.04,1.43
922.0,7.0,2024-08,626.0,475.0,195.0,0.0,1.9
580.0,7.0,2018-09,1122.0,813.0,358.38613861386136,0.043,2.11
263.0,7.0,2021-03,1268.0,928.0,386.0,0.047,2.3
67.0,7.0,2016-07,1390.0,996.0,421.0,0.018,1.7
626.0,7.0,2021-10,847.0,531.0,254.0,1.4236666666666675,1.66
13.0,7.0,2019-06,1003.0,679.0,293.0,0.04,1.79
420.0,7.0,2023-02,1085.0,805.0,325.0,0.002,2.1
75.0,7.0,2024-11,1268.0,958.0,407.0,1.4236666666666675,2.3
381.0,7.0,2017-03,1317.0,993.0,411.0,8.3,2.37
373.0,7.0,2018-05,1390.0,1040.0,459.0,3.4,1.44
177.0,7.0,2023-04,694.0,554.0,358.38613861386136,0.02,1.78
856.0,8.0,2024-02,249.0,1176.960396039604,76.0,0.035,0.61
306.0,8.0,2023-08,395.0,286.0,133.0,0.034,2.11
981.0,8.0,2024-10,309.0,220.0,77.0,0.3,1.15
204.0,8.0,2019-03,261.0,194.0,107.0,0.0,1.08
8.0,8.0,2017-10,299.0,282.0,101.0,0.0,1.52
364.0,8.0,2016-08,460.0,371.0,611.1935483870968,0.042,2.33
613.0,8.0,2020-07,277.0,186.0,91.0,1.7,1.84
1012.0,8.0,2020-03,365.0,281.0,103.0,0.047,2.05
973.0,8.0,2020-09,258.0,182.0,76.0,0.028,1.16
106.0,8.0,2023-11,2329.792079207921,387.0,158.0,0.076,2.68
493.0,8.0,2023-06,309.0,246.0,999.0,0.035,0.64
126.0,8.0,2018-06,78930.0,59.0,24667.0,0.25,1.6434615384615385
479.0,8.0,2023-05,427.0,299.0,106.0,0.036,1.91
217.0,8.0,2018-08,270.0,209.0,108.0,0.9652325581395349,1.52
469.0,8.0,2017-07,453.0,365.0,140.0,3.4,2.31
325.0,8.0,2022-04,312.0,271.0,115.0,0.003,1.0
496.0,8.0,2021-07,670.0,449.0,611.1935483870968,0.9652325581395349,2.55
894.0,8.0,2019-04,379.0,241.0,115.0,0.021,2.57
759.0,8.0,2022-01,418.0,312.0,153.0,0.064,1.44
955.0,8.0,2016-07,420.0,284.0,110.0,0.054,1.47
484.0,8.0,2018-01,410.0,275.0,112.0,0.016,1.79
309.0,8.0,2021-09,426.0,359.0,137.0,3.4,0.54
693.0,8.0,2016-12,488.0,1176.960396039604,611.1935483870968,0.09,2.04
728.0,8.0,2016-06,412.0,1176.960396039604,132.0,0.028,1.17
579.0,8.0,2016-05,293.0,252.0,99.0,0.042,1.03
865.0,8.0,2017-04,2329.792079207921,194.0,78.0,0.027,1.49
934.0,8.0,2016-08,376.0,1176.960396039604,112.0,0.011,1.93
976.0,8.0,2016-11,461.0,315.0,137.0,0.031,1.92
9.0,8.0,2019-10,351.0,269.0,999.0,5.4,2.09
617.0,8.0,2017-08,369.0,264.0,124.0,0.9652325581395349,1.84
344.0,8.0,2022-07,426.0,313.0,144.0,8.6,1.72
107.0,8.0,2022-11,455.0,335.0,148.0,6.2,1.73
483.0,8.0,2020-10,443.0,352.0,132.0,0.026,1.35
510.0,8.0,2021-12,373.0,253.0,120.0,0.043,1.2
523.0,8.0,2022-08,524.0,368.0,145.0,0.9652325581395349,2.74
87.0,8.0,2020-03,338.0,334.0,118.0,0.066,2.23
972.0,8.0,2021-04,271.0,231.0,86.0,0.9652325581395349,1.53
707.0,8.0,2020-08,401.0,301.0,103.0,3.0,1.99
64.0,8.0,2021-08,433.0,332.0,138.0,3.6,2.3
250.0,8.0,2022-02,239.0,179.0,72.0,0.037,1.28
545.0,8.0,2016-03,365.0,224.0,611.1935483870968,0.028,0.77
936.0,8.0,2018-01,270.0,167.0,72.0,0.038,1.91
383.0,8.0,2017-05,387.0,278.0,133.0,0.033,1.2
190.0,8.0,2024-01,329.0,226.0,86.0,0.037,5.45
203.0,8.0,2024-06,435.0,313.0,132.0,0.9652325581395349,1.35
283.0,8.0,2023-10,241.0,203.0,61.0,0.005,3.23
932.0,8.0,2016-04,288.0,222.0,90.0,2.4,1.3
212.0,8.0,2021-10,425.0,1176.960396039604,121.0,0.034,1.8
827.0,8.0,2021-03,418.0,346.0,146.0,0.031,1.89
42.0,8.0,2019-05,353.0,248.0,611.1935483870968,0.002,1.1
570.0,8.0,2024-08,349.0,233.0,116.0,0.04,1.74
208.0,8.0,2019-08,307.0,264.0,89.0,0.0,1.58
726.0,8.0,2017-12,2329.792079207921,503.0,203.0,0.9652325581395349,3.42
633.0,8.0,2018-03,357.0,315.0,130.0,0.044,1.62
561.0,8.0,2019-01,999.0,1176.960396039604,93.0,0.9652325581395349,1.48
162.0,8.0,2023-09,2329.792079207921,999.0,103.0,0.049,1.25
914.0,8.0,2020-11,421.0,332.0,117.0,0.038,2.76
293.0,8.0,2019-12,177.0,184.0,611.1935483870968,0.9652325581395349,1.21
156.0,8.0,2018-09,627.0,427.0,611.1935483870968,0.049,3.65
1051.0,8.0,2021-11,365.0,358.0,133.0,0.038,1.29
650.0,8.0,2024-05,395.0,303.0,611.1935483870968,3.4,1.91
604.0,8.0,2022-12,504.0,436.0,176.0,0.9652325581395349,3.12
683.0,8.0,2017-06,273.0,200.0,70.0,0.9652325581395349,0.93
1052.0,8.0,2023-04,341.0,250.0,127.0,0.012,1.53
746.0,8.0,2023-02,274.0,216.0,59.0,0.025,0.66
743.0,8.0,2021-01,211.0,170.0,999.0,0.025,0.83
790.0,8.0,2017-02,363.0,259.0,103.0,5.9,0.8
732.0,8.0,2018-10,222.0,147.0,611.1935483870968,0.9652325581395349,0.35
1058.0,8.0,2024-11,2329.792079207921,243.0,93.0,0.035,0.86
883.0,8.0,2024-04,444.0,343.0,137.0,0.057,1.7
1008.0,8.0,2023-02,386.0,247.0,114.0,5.3,1.3
631.0,8.0,2021-02,364.0,226.0,611.1935483870968,0.9652325581395349,1.3
267.0,8.0,2021-05,535.0,999.0,611.1935483870968,0.9652325581395349,2.25
481.0,8.0,2019-06,197.0,187.0,91.0,0.02,1.98
74.0,8.0,2017-09,315.0,229.0,99.0,0.083,0.78
94.0,8.0,2020-01,413.0,239.0,128.0,0.033,1.96
25.0,8.0,2024-09,212.0,189.0,611.1935483870968,3.5,1.03
718.0,8.0,2020-06,552.0,408.0,177.0,0.063,2.17
465.0,8.0,2016-11,239.0,169.0,87.0,4.1,1.32
304.0,8.0,2018-05,490.0,326.0,124.0,0.9652325581395349,2.84
466.0,8.0,2024-12,278.0,1176.960396039604,105.0,0.046,1.82
363.0,8.0,2022-03,2329.792079207921,293.0,999.0,0.077,1.78
435.0,8.0,2018-07,533.0,438.0,182.0,0.9652325581395349,2.8
77.0,8.0,2023-12,247.0,250.0,611.1935483870968,3.4,1.15
560.0,8.0,2022-06,222.0,198.0,91.0,0.9652325581395349,1.6434615384615385
334.0,8.0,2019-02,326.0,260.0,118.0,0.9652325581395349,1.1
848.0,8.0,2016-02,59226.0,44455.0,18.0,0.25,1.6434615384615385
733.0,8.0,2017-03,383.0,310.0,115.0,0.025,1.76
507.0,8.0,2022-05,356.0,227.0,83.0,0.9652325581395349,1.36
989.0,8.0,2017-01,365.0,285.0,110.0,0.031,0.95
138.0,8.0,2024-03,378.0,334.0,118.0,6.2,1.64
660.0,8.0,2019-07,2329.792079207921,187.0,75.0,0.042,1.18
774.0,8.0,2024-07,447.0,372.0,611.1935483870968,0.065,1.87
614.0,8.0,2018-04,243.0,202.0,84.0,0.014,0.02
863.0,8.0,2018-12,999.0,225.0,99.0,0.9652325581395349,1.77
3.0,8.0,2018-11,239.0,999.0,83.0,0.9652325581395349,0.49
396.0,8.0,2017-11,321.0,250.0,93.0,0.014,2.06
678.0,8.0,2016-01,999.0,288.0,118.0,0.047,1.43
389.0,8.0,2019-09,244.0,200.0,67.0,0.9652325581395349,1.3
755.0,8.0,2020-04,493.0,407.0,164.0,0.039,2.18
44.0,8.0,2021-06,59277.0,44507.0,18545.0,0.25,1.6434615384615385
1003.0,8.0,2020-12,223.0,190.0,79.0,0.052,1.68
1054.0,8.0,2022-10,999.0,253.0,70.0,4.0,0.54
300.0,8.0,2020-05,326.0,999.0,106.0,0.035,0.48
763.0,8.0,2023-01,293.0,207.0,92.0,0.031,1.42
984.0,8.0,2022-09,280.0,228.0,611.1935483870968,0.031,1.17
1070.0,8.0,2023-07,456.0,365.0,134.0,2.9,1.89
226.0,8.0,2019-11,363.0,266.0,113.0,3.3,1.61
577.0,9.0,2016-09,700.0,528.0,205.0,0.034,1.82
923.0,9.0,2024-10,2504.37,399.0,162.0,1.046627659574469,0.7
601.0,9.0,2019-12,828.0,574.7692307692307,239.0,0.044,0.81
621.0,9.0,2022-03,706.0,461.0,191.0,0.037,1.84
852.0,9.0,2016-12,425.0,429.0,153.0,1.046627659574469,0.3
47.0,9.0,2021-10,554.0,427.0,177.0,1.046627659574469,0.02
56.0,9.0,2024-08,2504.37,999.0,289.0,8.5,1.82
133.0,9.0,2019-10,2504.37,743.0,305.0,1.046627659574469,2.03
460.0,9.0,2019-05,791.0,616.0,271.0,6.3,1.51
467.0,9.0,2017-06,2504.37,532.0,219.0,4.7,1.49
1.0,9.0,2024-09,1191.0,827.0,356.0,0.049,2.59
316.0,9.0,2023-01,538.0,395.0,161.0,2.9,0.5
982.0,9.0,2019-04,546.0,434.0,179.0,3.9,0.92
112.0,9.0,2020-03,558.0,352.0,153.0,0.0,0.61
350.0,9.0,2016-06,2504.37,627.0,287.0,0.036,2.0
27.0,9.0,2019-08,645.0,492.0,183.0,7.4,1.58
215.0,9.0,2021-12,174563.0,130.0,54.0,0.25,3.35
930.0,9.0,2023-02,1033.0,729.0,255.61052631578949,1.046627659574469,2.42
1040.0,9.0,2023-03,700.0,543.0,255.61052631578949,0.013,0.91
712.0,9.0,2023-05,906.0,683.0,284.0,5.6,1.6083333333333334
302.0,9.0,2021-04,728.0,570.0,232.0,1.046627659574469,1.73
136.0,9.0,2017-10,734.0,626.0,241.0,0.021,1.3
275.0,9.0,2019-02,720.0,487.0,255.61052631578949,0.042,0.76
831.0,9.0,2020-09,654.0,466.0,999.0,0.0,1.3
384.0,9.0,2023-10,934.0,703.0,285.0,1.046627659574469,1.72
987.0,9.0,2021-02,502.0,340.0,167.0,0.03,1.02
276.0,9.0,2020-07,642.0,470.0,199.0,1.046627659574469,1.55
18.0,9.0,2018-05,1.0,842.0,333.0,5.6,2.7
963.0,9.0,2021-09,773.0,586.0,255.61052631578949,0.073,0.55
656.0,9.0,2021-01,682.0,507.0,198.0,0.029,0.97
553.0,9.0,2016-07,1151.0,844.0,352.0,0.032,2.01
36.0,9.0,2024-05,1050.0,715.0,255.61052631578949,0.045,2.06
730.0,9.0,2022-11,999.0,687.0,254.0,0.046,1.15
472.0,9.0,2016-11,827.0,607.0,245.0,0.068,1.9
531.0,9.0,2018-01,856.0,574.7692307692307,258.0,0.045,0.81
194.0,9.0,2023-07,567.0,411.0,158.0,0.05,0.87
457.0,9.0,2017-05,816.0,558.0,255.61052631578949,4.9,1.48
53.0,9.0,2022-09,569.0,455.0,178.0,0.0,6.89
417.0,9.0,2020-05,556.0,443.0,186.0,0.031,0.0
379.0,9.0,2020-12,774.0,566.0,248.0,0.0,1.6083333333333334
172.0,9.0,2019-07,873.0,647.0,252.0,4.2,2.26
310.0,9.0,2024-02,810.0,582.0,255.0,0.007,1.6
427.0,9.0,2021-05,687.0,540.0,221.0,1.046627659574469,1.3
444.0,9.0,2017-11,560.0,458.0,152.0,0.023,0.43
766.0,9.0,2020-07,513.0,414.0,176.0,0.023,1.4
532.0,9.0,2024-06,506.0,386.0,173.0,0.013,1.4
557.0,9.0,2017-01,560.0,500.0,199.0,1.4,0.72
154.0,9.0,2019-11,821.0,627.0,262.0,0.002,0.87
191.0,9.0,2020-04,824.0,582.0,261.0,0.021,1.35
762.0,9.0,2018-10,821.0,606.0,255.61052631578949,0.027,1.18
438.0,9.0,2017-02,892.0,625.0,263.0,4.9,2.06
847.0,9.0,2018-07,692.0,545.0,190.0,1.046627659574469,1.14
684.0,9.0,2022-01,999.0,531.0,223.0,0.067,1.86
214.0,9.0,2019-09,683.0,502.0,255.61052631578949,4.7,2.12
944.0,9.0,2017-12,999.0,478.0,237.0,0.043,1.32
274.0,9.0,2023-09,999.0,566.0,255.61052631578949,0.025,1.34
740.0,9.0,2023-12,656.0,494.0,212.0,0.062,1.83
573.0,9.0,2024-04,720.0,563.0,247.0,4.5,1.45
665.0,9.0,2018-04,550.0,404.0,186.0,1.046627659574469,1.4
670.0,9.0,2016-05,551.0,405.0,180.0,0.039,0.82
900.0,9.0,2020-01,708.0,544.0,213.0,1.046627659574469,1.53
749.0,9.0,2019-03,1006.0,720.0,999.0,0.055,2.49
501.0,9.0,2022-10,1104.0,869.0,346.0,7.0,2.02
629.0,9.0,2024-12,801.0,579.0,248.0,0.056,0.9
86.0,9.0,2022-08,1050.0,752.0,321.0,0.033,1.55
1073.0,9.0,2022-07,2504.37,556.0,249.0,0.027,1.52
983.0,9.0,2021-03,835.0,667.0,279.0,1.046627659574469,1.26
247.0,9.0,2023-06,715.0,495.0,217.0,0.04,2.0
33.0,9.0,2022-02,710.0,602.0,223.0,0.022,9.34
1017.0,9.0,2018-03,569.0,999.0,255.61052631578949,0.059,1.62
1007.0,9.0,2016-04,1006.0,734.0,298.0,0.019,1.85
543.0,9.0,2021-07,1106.0,999.0,360.0,6.1,1.67
49.0,9.0,2021-06,539.0,418.0,166.0,0.0,0.75
641.0,9.0,2024-01,713.0,509.0,236.0,0.019,1.0
864.0,9.0,2016-01,999.0,501.0,223.0,3.6,2.01
857.0,9.0,2017-07,556.0,407.0,161.0,0.057,1.79
655.0,9.0,2020-08,826.0,634.0,252.0,0.047,1.4
879.0,9.0,2017-08,903.0,655.0,277.0,0.054,1.6083333333333334
620.0,9.0,2024-11,739.0,574.7692307692307,246.0,0.015,1.3
175.0,9.0,2020-11,993.0,768.0,313.0,0.072,2.61
1009.0,9.0,2017-03,999.0,318.0,150.0,0.007,0.59
366.0,9.0,2023-05,961.0,667.0,255.61052631578949,0.032,1.66
699.0,9.0,2018-06,494.0,409.0,171.0,0.037,1.76
562.0,9.0,2019-01,509.0,449.0,999.0,0.028,1.6
705.0,9.0,2023-11,621.0,999.0,194.0,0.033,1.83
530.0,9.0,2018-09,949.0,725.0,288.0,0.057,2.31
6.0,9.0,2016-08,778.0,621.0,250.0,0.013,2.22
269.0,9.0,2022-04,999.0,602.0,237.0,0.043,1.96
977.0,9.0,2017-09,825.0,574.0,236.0,0.04,1.39
901.0,9.0,2018-12,657.0,553.0,223.0,0.046,1.87
651.0,9.0,2020-10,869.0,709.0,296.0,0.019,2.42
346.0,9.0,2016-10,2504.37,501.0,187.0,0.009,1.6083333333333334
818.0,9.0,2021-08,999.0,574.7692307692307,186.0,1.8,1.91
113.0,9.0,2018-03,580.0,408.0,178.0,0.0,1.47
151.0,9.0,2017-04,800.0,666.0,262.0,0.054,1.28
144.0,9.0,2022-12,999.0,429.0,173.0,0.062,0.33
589.0,9.0,2018-11,530.0,398.0,166.0,0.027,1.43
1033.0,9.0,2022-05,2504.37,548.0,255.61052631578949,0.0,1.66
120.0,9.0,2022-06,933.0,691.0,300.0,5.4,1.6
282.0,9.0,2024-03,783.0,606.0,223.0,0.049,1.34
303.0,9.0,2021-12,1086.0,787.0,344.0,0.068,1.66
522.0,9.0,2019-06,595.0,506.0,209.0,0.026,0.87
969.0,9.0,2024-07,1184.0,897.0,368.0,0.088,2.48
1010.0,9.0,2023-10,532.0,398.0,167.0,0.037,1.6083333333333334
765.0,9.0,2020-02,942.0,639.0,295.0,2.3,1.81
850.0,9.0,2016-03,841.0,635.0,254.0,0.0,1.1
284.0,9.0,2016-02,660.0,540.0,210.0,0.006,1.05
486.0,9.0,2018-08,499.0,409.0,255.61052631578949,1.046627659574469,1.6083333333333334
669.0,10.0,2021-08,830.0,625.0,248.0,4.0,1.89
413.0,10.0,2022-10,1099.0,798.0,339.0,6.6,2.7
860.0,10.0,2023-01,850.0,593.0,260.0,0.059,2.07
118.0,10.0,2021-12,2933.57,494.0,208.0,0.073,0.58
48.0,10.0,2024-12,586.0,455.0,178.0,6.9,1.81
956.0,10.0,2016-05,434.0,243.0,130.0,1.5232021276595753,0.47
805.0,10.0,2023-07,1041.0,780.0,318.0,0.061,2.4
792.0,10.0,2017-04,785.0,546.0,240.0,0.079,1.54
388.0,10.0,2020-12,950.0,704.0,295.0,1.5232021276595753,2.01
223.0,10.0,2018-10,470.0,387.0,147.0,0.028,1.92
700.0,10.0,2022-07,672.0,558.0,627.6326530612245,0.021,0.78
88.0,10.0,2023-04,999.0,311.0,166.0,6.2,1.1
719.0,10.0,2024-07,999.0,546.0,249.0,0.055,2.3
411.0,10.0,2018-02,1045.0,768.0,627.6326530612245,0.092,3.21
722.0,10.0,2020-05,2933.57,604.0,248.0,0.066,2.77
779.0,10.0,2023-08,950.0,724.0,627.6326530612245,0.047,2.41
399.0,10.0,2017-06,1.0,817.0,317.0,0.05,2.73
185.0,10.0,2018-09,729.0,575.0,232.0,0.041,1.41
667.0,10.0,2019-06,735.0,546.0,238.0,0.068,1.74
410.0,10.0,2020-07,999.0,476.0,204.0,0.059,1.33
15.0,10.0,2016-12,2933.57,635.0,256.0,0.034,1.8
1005.0,10.0,2023-05,977.0,731.0,306.0,8.3,3.24
491.0,10.0,2023-11,683.0,525.0,217.0,0.022,2.2516
83.0,10.0,2017-01,569.0,1384.2596153846155,156.0,0.041,0.94
198.0,10.0,2017-12,1140.0,866.0,360.0,0.062,3.1
327.0,10.0,2018-11,789.0,565.0,238.0,0.024,1.52
639.0,10.0,2023-02,564.0,428.0,164.0,0.2,1.7
676.0,10.0,2024-09,697.0,488.0,208.0,0.052,2.66
793.0,10.0,2021-09,104572.0,78423.0,32681.0,25.0,2.2516
326.0,10.0,2020-10,631.0,517.0,224.0,0.064,1.87
165.0,10.0,2023-06,486.0,366.0,153.0,0.037,1.4
687.0,10.0,2018-12,1010.0,777.0,306.0,7.6,2.74
450.0,10.0,2017-12,892.0,756.0,291.0,0.063,2.05
390.0,10.0,2019-05,892.0,691.0,270.0,0.018,1.88
754.0,10.0,2022-02,734.0,529.0,240.0,1.5232021276595753,1.8
854.0,10.0,2019-03,2933.57,637.0,258.0,0.014,1.98
155.0,10.0,2020-09,568.0,400.0,184.0,1.5232021276595753,1.7
367.0,10.0,2021-05,667.0,588.0,219.0,0.025,2.1
240.0,10.0,2020-08,495.0,382.0,125.0,0.017,0.81
163.0,10.0,2019-01,493.0,420.0,175.0,0.015,1.5
489.0,10.0,2017-10,1137.0,825.0,328.0,0.063,2.05
368.0,10.0,2022-12,858.0,622.0,269.0,3.4,1.76
724.0,10.0,2024-04,874.0,636.0,627.6326530612245,0.042,1.69
627.0,10.0,2022-08,720.0,553.0,218.0,0.6,1.5
912.0,10.0,2021-03,2933.57,528.0,225.0,0.046,1.33
50.0,10.0,2021-07,1041.0,733.0,627.6326530612245,3.9,3.31
861.0,10.0,2021-06,887.0,653.0,281.0,1.5232021276595753,3.01
964.0,10.0,2023-09,830.0,999.0,999.0,0.046,1.86
843.0,10.0,2016-06,525.0,427.0,179.0,0.031,1.64
29.0,10.0,2017-09,2933.57,1384.2596153846155,999.0,0.045,2.2516
975.0,10.0,2016-01,631.0,1384.2596153846155,225.0,1.5232021276595753,2.0
412.0,10.0,2022-03,999.0,647.0,279.0,0.057,2.35
4.0,10.0,2024-10,999.0,593.0,248.0,4.4,1.64
947.0,10.0,2020-04,861.0,621.0,266.0,0.062,2.25
855.0,10.0,2021-01,635.0,496.0,173.0,0.015,1.2
925.0,10.0,2020-10,866.0,616.0,999.0,0.056,2.4
654.0,10.0,2021-04,2933.57,658.0,263.0,0.039,2.2516
490.0,10.0,2018-07,910.0,634.0,275.0,1.5232021276595753,2.2
686.0,10.0,2018-04,464.0,392.0,180.0,1.5232021276595753,1.91
234.0,10.0,2018-01,998.0,714.0,627.6326530612245,0.041,1.91
45.0,10.0,2020-02,1026.0,739.0,999.0,0.032,2.26
546.0,10.0,2018-04,999.0,574.0,209.0,4.9,2.2
796.0,10.0,2022-11,401.0,298.0,156.0,0.016,1.84
624.0,10.0,2016-10,474.0,341.0,152.0,1.5232021276595753,1.01
46.0,10.0,2021-02,615.0,477.0,203.0,0.068,1.4
354.0,10.0,2016-03,490.0,399.0,162.0,9.9,1.62
1080.0,10.0,2021-10,370.0,307.0,127.0,0.031,0.69
305.0,10.0,2022-06,582.0,424.0,180.0,0.049,2.04
170.0,10.0,2016-04,797.0,611.0,246.0,1.5232021276595753,1.63
331.0,10.0,2020-01,729.0,567.0,999.0,0.081,1.01
1019.0,10.0,2018-02,999.0,619.0,256.0,0.051,1.71
196.0,10.0,2022-04,920.0,691.0,305.0,0.045,1.61
797.0,10.0,2017-02,865.0,653.0,275.0,3.7,2.0
583.0,10.0,2022-05,935.0,741.0,291.0,0.056,2.34
949.0,10.0,2021-11,1025.0,783.0,328.0,3.0,2.96
908.0,10.0,2024-06,723.0,536.0,218.0,1.7,2.39
374.0,10.0,2024-07,664.0,481.0,207.0,0.051,2.21
103.0,10.0,2016-09,534.0,411.0,170.0,0.052,9.26
385.0,10.0,2024-01,811.0,632.0,257.0,0.045,2.61
698.0,10.0,2024-03,610.0,434.0,185.0,0.037,1.07
280.0,10.0,2023-12,797.0,591.0,255.0,0.037,2.14
65.0,10.0,2019-02,927.0,694.0,275.0,0.091,1.86
663.0,10.0,2024-02,770.0,567.0,627.6326530612245,0.026,1.5
564.0,10.0,2022-09,999.0,504.0,210.0,4.5,1.14
158.0,10.0,2020-04,950.0,749.0,304.0,0.062,1.91
1048.0,10.0,2018-08,793.0,642.0,256.0,0.034,2.9
494.0,10.0,2017-08,666.0,498.0,211.0,0.047,1.9
524.0,10.0,2017-05,926.0,659.0,275.0,1.5232021276595753,1.97
851.0,10.0,2017-07,556.0,460.0,183.0,1.5232021276595753,9.57
985.0,10.0,2016-08,1041.0,766.0,320.0,1.5232021276595753,2.7
167.0,10.0,2019-11,799.0,590.0,256.0,0.01,1.4
62.0,10.0,2023-10,999.0,336.0,118.0,0.003,1.34
657.0,10.0,2024-04,399.0,309.0,139.0,0.033,1.14
256.0,10.0,2016-03,947.0,683.0,318.0,0.029,1.62
72.0,10.0,2017-03,2933.57,582.0,627.6326530612245,1.5232021276595753,1.66
953.0,10.0,2018-06,622.0,500.0,192.0,0.042,2.16
1025.0,10.0,2019-09,546.0,999.0,177.0,3.8,2.2516
817.0,10.0,2019-12,514.0,1384.2596153846155,165.0,0.029,2.42
236.0,10.0,2019-04,751.0,609.0,216.0,0.061,1.41
600.0,10.0,2016-07,999.0,318.0,145.0,0.027,1.52
946.0,10.0,2019-08,864.0,660.0,264.0,6.2,2.92
17.0,10.0,2020-06,10010.0,7548.0,3129.0,0.25,24.06
235.0,10.0,2022-01,749.0,527.0,627.6326530612245,0.053,2.26
1055.0,10.0,2024-11,435.0,349.0,120.0,0.02,2.2516
751.0,10.0,2019-10,640.0,429.0,182.0,0.015,0.7
526.0,10.0,2016-11,104461.0,78.0,627.6326530612245,25.0,2.2516
12.0,10.0,2019-07,709.0,490.0,221.0,0.031,1.13
482.0,10.0,2023-03,651.0,487.0,198.0,0.037,2.2516
