id_ville,ville,date,pm25,dioxyde_soufre,monoxyde_carbone,indice_pollution,population,temperature_moyenne
9,Bordeaux ,2024-09,30.80,9.08e+00,0.98,100.00,270948.0,1.30e+01
2,Lyo n,2024-06,38.05,5.16,1.12,100.00,-10,12.04
8,montpellier,2018-11,-9.99e+02,11.98,0.70,"79,8",380 216,14.71
10,Lilé,2024-10,2.04e+01,14.88 ppb,0.48 ppm,8.21e+01,189513,10.22
7,strasbourg,2016-01,22.63,16.08,1.05,94.08,250002.0,8.89 °C
9,Bordeaux ,2016-08, 13.88 ,11.66,0.85,"65,5",350380.0,14.31
1,paris,2024-08,NaN,1.09e+01,0.50,100.00,?,13.55
8, Montpellier,2017-10, 14.61 ,8.11,0.88 ppm, 56.70 ,267916.0,16.67
8, Montpellier,2019-10, 13.57 ,12.61,1.06, 61.30 ,,13.09
2,lyon,2024-07,32.02 µg/m³,1.03e+01,8.35e-01,99.26,528468.0,10.69
2,Lyo n,2022-11,2.43e+01,1.55e+01,0.66,9.13e+01,511346, 12.12 
10,Lille,2019-07,20.92,10.40,7.47e-01, 67.62 ,245212.0,"10,7"
7,Strasburg,2019-06,20.80,10.14,0.82,77.13,334 565,10.80 °C
3,Marseile,2019-10,"33,1",14.48,0.37,1.00e+02,899713.0, 14.25 
10,Lille,2016-12,"21,9",17.24,0.82,"76,1",224 401,1.18e+01
7,Strasbourg ,2019-08,2.44e+01,11.54,0.69,86.38,286979.0,11.93
10,Lilé,2020-06,35.22 µg/m³,7.76,8.80e+01, 100.00 ,268 229,11.15
9,Bordeaux ,2018-05,"17,1",14.65,,74.86,178399.0,12.90
5,Nîce,2024-02,10.79,6.99, 0.33 ,38.28,388765,"17,0"
1,Paris ,2017-02,,"2,0",6.45e-01,80.88,2221894,11.68
7,Strasb.,2022-03,27.03,12.96 ppb,0.98,93.61,None,11.30
7,Strasbourg ,2020-01,2.15e+01,NaN,1.38,"86,2",303917,10.29
1,Paris ,2021-09,28.08 µg/m³,"12,1",0.88,9.14e+01,2071294.0,"13,5"
2,Lyon ,2023-09,2.81e+01,8.28,"0,7",92.76,522 443,"12,1"
8,montpellier,2024-09,, 1.70 ,0.68, 58.50 ,339 730,15.97
3,marsEille,2018-05,26.13,14.83,1.34 ppm,100.00,800205.0,15.94
9,Bordeaux,2019-08,11.61,7.84,"0,9",48.55,192511.0,15.57
2,Lyo n,2019-04,2.26e+01,1.42e+01,0.87,95.69,549 196,11.74 °C
10,Lilé,2017-09,16.44 µg/m³,1.59e+01,"1,0",79.21,225843, 11.30 
5,NICE,2017-05,20.29,"12,4","0,4",72.63,338 034,16.37
1,paris,2019-10,39.97,9999.00,0.99,100.00,2 098 924,12.66
3,marsEille,2019-01,24.66,?,"0,8",73.75,935 672,16.13
9,Bordeaux ,2022-02,11.12,11.91,1.13,56.47,276 390,14.75 °C
3,Marseile,2020-10,54.68,6.88,0.85,,856017.0,15.95
7,Strasbourg ,2018-12,20.65,12.35,0.39 ppm,7.01e+01,357553,-30.00
9,Bordeaux ,2024-05,15.45,12.36 ppb,NaN,7.36e+01,172638.0,"13,9"
7,Strasb.,2017-04,25.69,6.96,1.25 ppm, 95.36 ,447602.0,9.68 °C
7,Strasburg,2016-09,30.60,5.60e+00, 0.74 , 88.38 ,308957,12.03 °C
7,Strasbourg ,2022-10,2.88e+01,15.10,0.13,100.00,304 763,"10,0"
5,Nice,2017-06,1.80e+01,"15,7",9.70e-01,7.17e+01,-999,17.83
3,Marseile,2023-10,43.21,8.78,1.26,1.00e+02,874434.0,15.76
8,Montpelier,2019-05,"17,9",14.81 ppb, 0.43 ,"55,2",313 954,15.29
4,Toulouse,2021-09,33.15 µg/m³,"4,5",1.00,100.00,471536.0,-30.00
8,montpellier,2021-06, 9999.00 ,10.95,0.38, 57.76 ,354827.0,"12,8"
10,Lille  ,2020-02,30.04,1.92e+01,5.95e-01, 100.00 ,247098.0,1.02e+01
10,Lille,2021-02,19.45,10.28,0.67, 65.30 ,346 595,12.57
9,Bordeaux ,2021-10,16.81,11.84, -8.00 ,6.58e+01,249306,14.77
10,Lilé,2024-12,8.43e+00,14.96,1.15,50.46,219798,10.99
9,Bordeaux ,2021-06,"10,9",2.17,0.53,NaN,192591,"13,8"
10,Lilé,2021-07,27.57 µg/m³, 8.97 ,None,89.84,222798,8.21
6,Nante s,2017-07,22.07,9.45 ppb,88.00,73.36,331415.0,12.38
6,Nante s,2021-11,15.84,7.09,0.79,5.97e+01,369636.0, 11.04 
9,Bordeaux,2022-09,13.57,4.25,0.87, 52.62 ,173 486,"15,1"
4,toulouse,2021-11,21.34,16.13, 0.57 ,"74,7",434173.0,"14,7"
6,nantes,2019-12,12.21,16.52 ppb,"0,6",54.97,300 103, 14.37 
9,Bordeau,2024-08, 13.98 , 17.28 ,9.94e-01,71.50,144789,13.44 °C
3,Marseile,2021-07,41.81 µg/m³,5.54,"0,9",100.00,None,14.82 °C
3,marsEille,2023-04,30.12, 7.26 ,0.80 ppm,94.58,848 757,1.48e+01
2,Lyon ,2020-12,"27,5",7.41,0.87,90.67,564 759,12.74
3,marsEille,2018-10,49.05, 21.63 ,1.46, 100.00 ,911203,"16,1"
6,Nantes,2017-08,"14,4",9.34,7.20e-01,46.65,332908,11.32
10,lille,2023-10,7.62 µg/m³,11.98,0.36 ppm,37.33,-999,11.51
4,Toulouse,2016-03,7.78,"22,6",0.96,6.40e+01,487 255,13.79
8, Montpellier,2021-08,23.90 µg/m³,4.40,0.85,73.78,304141.0,1.43e+01
10,lille,2019-02,24.06,19.20, 0.86 ,1.00e+02,364100,11.30
3,Marseilles,2021-04,49.85,10.45,1.21,100.00,909915.0,15.07
7,Strasbourg ,2016-08,"26,4",19.33,1.11,100.00,293004.0,"11,2"
6,nantes,2016-03,21.83,"14,2",0.79, 84.59 ,265946.0,11.59
7,Strasb.,2016-12,1.74e+01, 9.07 ,0.81,64.07,345841,1.10e+01
5,Nice,2019-02,26.10, 13.26 ,0.82 ppm,9.52e+01,359 689,14.57
1,paris,2023-01,2.11e+01,8.05,0.55 ppm,66.14,2 150 426,11.37
10,lille,2017-03,27.34,3.01,1.03e+00,7.77e+01,294 614,1.09e+01
2,Liyon,2023-12,19.48 µg/m³,18.58 ppb,0.40,82.16,551688.0,12.51
8,Montpeller,2017-09,16.11,6.24, 0.76 ,53.23,374 098,14.72
7,strasbourg,2024-11,30.10,17.49,"0,4",100.00,287 344,10.25
3,marsEille,2024-09,11.02,15.59,5.18e-01,?,963 704,14.58
8, Montpellier,2023-12,"11,8",10.18,0.43,49.55,275967,17.54
3,Marseilles,2017-08,46.74,14.67,0.98 ppm,100.00,827824,16.43
2,lyon,2021-05,30.59,12.59,0.58, 100.00 ,458711.0,10.64
2,Lyon ,2017-01,29.77,3.16,3.63e-01,?,528 543,1.19e+01
6,nantes,2024-08,1.37e+01, 9.22 ,0.59 ppm,49.89,309 647,12.08 °C
4,Toulouze,2022-02,30.09,9.81 ppb,0.71,93.23,478 479, 12.58 
10,Lille  ,2017-01,15.17 µg/m³,10.14,0.79, 46.49 ,315567.0,9.80e+00
4,Toulouse ,2017-01,24.62,1.98, 0.86 ,66.92,492 996,13.78
2,Liyon,2019-02,25.41,"6,8",0.36,73.63,None,"13,9"
9,Bordeau,2022-08,2.36e+01, 7.31 ,,72.33,260 368,1.23e+01
8,Montpelier,2020-02,2.32e+01,5.25,0.85 ppm,"77,5",204434,15.09
10,lille,2023-04,6.64,10.87,"1,5",?,132901,None
5,Nice,2018-06,1.60e+01,11.82,0.57,62.50,329707, 15.75 
2,Lyon ,2021-04,27.34 µg/m³,1.05e+01, 0.85 ,87.50,507 131,"10,4"
3,Marseilles,2022-04,"42,9",14.41,0.90,"100,0",724838, 16.18 
1, PARIS,2021-08, 27.05 ,10.19,0.59 ppm, 91.89 ,2 094 618,"12,1"
6,Nantes,2023-10,12.04,?,0.35,3.45e+01,249 135,12.46
8, Montpellier,2020-01,17.62, 10.96 ,0.72 ppm, 71.71 ,346175,1.39e+01
2,Lyo n,2022-05,36.97,5.84,0.85,100.00,488811.0,14.01 °C
3,Marseille  ,2020-12,38.66,13.56,0.90, 100.00 ,876 924,15.20
6,Nants,2020-03,19.99,15.80,0.92, 77.48 ,378824,12.61
5, nice,2021-08,11.06, 10.31 ,None,4.45e+01,356708.0,?
6,nantes,2019-03,NaN,9.13,-8.00,"58,2",312612,11.24
4,toulouse,2024-08,1.87e+01,11.02,0.48,65.93,NaN,"14,2"
7,Strasbourg ,2021-01,2.51e+01,11.72, 1.16 ,"93,1",300 476,"9,7"
2,Lyo n,2022-09,2.64e+01,11.32,"0,8",92.94,600 685,"12,6"
10,Lilé,2016-09,4.29,18.68 ppb,"1,0", 41.67 ,158061.0,12.37 °C
6,Nante s,2020-08, 16.22 ,NaN,0.78,7.22e+01,246496.0,12.59
1,paris,2022-01,24.58,12.87,1.08e+00,9.19e+01,2229430.0, 10.82 
8,Montpeller,2023-11,2.42e+01,12.01,0.76, 86.45 ,320011,15.20
8,Montpeller,2022-11,25.73,10.06,0.39,89.59,336 550,15.54
4,Toulouse,2020-08,"17,2","5,7",0.87,54.48,523315,13.96
6,Nante s,2021-04, 25.17 ,13.58,0.36,88.61,211088,12.35
2,Lyo n,2020-09,26.97,5.37,1.08,9.06e+01,508951.0,12.13 °C
1,París,2020-03,19.54,7.76,0.89 ppm,72.41,?,1.23e+01
9,Bordeau,2020-03,3.32,12.98,"0,7", 37.26 ,224 426,13.42
9,bordeaux,2018-03,10.51 µg/m³,11.71 ppb,"0,3",43.78,243 525,15.47
2,Liyon,2018-03,"23,1",8.76,0.76,"76,0",582 787,11.21
3,Marseilles,2016-11,26.50,13.88 ppb,0.40,91.95,859234.0,16.08
4,Toulouze,2020-02,23.34,12.75,0.73 ppm,87.65,588822.0,1.19e+01
1,paris,2019-08,?,13.10,0.47,"100,0",1985936,11.18 °C
10,Lilé,2021-12,1.44e+01,10.41 ppb,1.26 ppm,68.07,224 108,"11,0"
6,Nante s,2024-11,23.70,10.97 ppb, -8.00 , 77.90 ,325 085,12.48 °C
9,Bordeaux,2022-06,12.92,16.27 ppb,1.06e+00,72.02,251194.0,13.88
4,Toulouse,2018-09,"27,9","16,2","0,4",NaN,498 238,None
1,paris,2023-12, 27.17 ,16.71,0.78,99.69,2189470.0,9.99
3,Marseille  ,2018-06, 45.32 ,?,8.00e-01,100.00,?,16.15 °C
2,Liyon,2020-01,17.81,12.83,7.61e-01,68.56,455984.0, 12.97 
3,marsEille,2019-09,32.17,8.41,0.11,-999,896842.0,15.22
8,montpellier,2018-06,9999.00,"12,4",0.80,,304063.0,14.96
1,Paris ,2023-02,2.94e+01,9.80, 0.64 , 90.15 ,2119161.0,1.30e+01
7,strasbourg,2021-12,"18,7",16.83,0.50, 82.53 ,297724,10.46
2,Lyon ,2023-05,"-999,0",9.61,0.45,42.83,528994.0,13.49
5,Nîce,2023-10,20.75,8.52 ppb,0.03,63.04,288 072,14.87
4,Toulouse,2021-05,33.26,13.40,0.63,100.00,414106,1.31e+01
4,Toulouse,2016-05,25.25,14.54,0.85 ppm,78.70,522795,13.69
9,Bordeaux,2019-10,21.47,1.56e+01,0.54 ppm,81.11,208184, 13.60 
2,Lyon ,2018-07,23.22,8.87,"0,4",7.04e+01,469792,11.33
2,Lyo n,2022-03,33.55,1.02e+01,0.88,100.00,523 931,10.10
9,Bordeau,2017-10,14.73,NaN,4.99e-01,65.15,227 165, 13.54 
6,nantes,2022-02, 25.15 ,9.67e+00,0.42,"79,6",318934.0,1.35e+01
8,Montpelier,2024-03, 22.13 ,7.27e+00,0.63,7.25e+01,307479,"15,1"
7,Strasburg,2020-03,18.60,11.70 ppb,9.59e-01,74.95,354204.0,"8,4"
2,Liyon,2020-06,"20,9","17,2",0.69 ppm,77.83,526405,11.42
6,nantes,2019-06,27.18,12.66,0.47 ppm, 83.64 ,293649,12.09
6,Nantes,2016-09,14.23,8.85, 1.05 ,46.96,373848.0,12.64
5,Nîce,2018-02,16.43,12.23,"0,1", 58.63 ,352066.0,15.35
9,bordeaux,2022-12,"10,8",10.19,0.56,40.31,322 757,13.30
6,Nants,2020-07,23.75,1.02e+01,0.76 ppm,"87,6",321216.0,13.20
2,lyon,2021-10,37.34 µg/m³,"3,0",0.61,98.40,455 265,1.33e+01
4,toulouse,2024-07,"3,3",,0.78,35.66,439305.0,13.59
5,Nice,2023-02,25.11,1.43e+01,0.52,91.17,275342,17.07
1, PARIS,2016-08,25.96,8.80,"0,3", 77.80 ,2124968.0,13.26
1, PARIS,2024-03,None,"6,6",0.72,1.00e+02,2171948.0,1.25e+01
9,Bordeau,2017-04,"14,0",13.13,,"51,7",221206.0,13.88
6,Nantes,2019-10,25.32,6.49 ppb,1.13,75.59,331738,12.78
4,Toulouse ,2019-03,24.12 µg/m³,10.61,0.49,91.57,409 616,NaN
9,bordeaux,2019-11,"16,0",12.64 ppb,9.73e-01,64.95,161 633,13.78
10,Lille,2020-09,20.43,14.10,0.57 ppm,NaN,212925,9.38
8,Montpeller,2018-09,27.56,10.08 ppb,,87.78,247693,"15,5"
3,Marseilles,2020-03,39.09,21.88,8.46e-01,100.00,850855,1.69e+01
10,Lille  ,2020-03,3.51e+01,12.17,0.60 ppm,100.00,286495.0, 10.13 
6,Nants,2017-10,14.84,10.71,0.80,"61,8",306127,11.10
3,Marseile,2023-09,4.29e+01,14.05,0.65,1.00e+02,800 318,"16,4"
1, PARIS,2018-08,31.26,?,0.49 ppm, 90.02 ,2 125 674,1.31e+01
8,Montpeller,2023-09,"18,5",7.15,2.45e-01,"55,9",230 402,16.70 °C
10,Lille  ,2019-01,"11,9",7.87, 1.25 ,59.22,213843,"11,6"
7,Strasb.,2023-06,30.64,"16,5",0.57, 100.00 ,307518,9.96
10,Lilé,2023-06,19.83,"1,0",0.59 ppm,5.48e+01,219053,10.51 °C
5,Nîce,2024-01,"15,7",8.34 ppb,4.64e-01, 59.38 ,274 143,17.28
10,Lille,2019-11,25.45,"8,5",1.15e+00,"81,6",256029.0,9.83 °C
6,Nants,2018-04,19.17 µg/m³,?,0.81,5.78e+01,344 103,12.43
7,Strasbourg ,2024-05,27.94 µg/m³,12.01,"1,0",9.27e+01,260533,10.34
10,Lille  ,2016-04,23.35,9.74,1.02, 78.34 ,162 920,8.90
2,lyon,2019-11,37.76,3.91e+00, 0.56 ,100.00,598 276,12.03
9,Bordeaux ,2019-07,15.89 µg/m³,14.74,7.85e-01,69.39,229 902,"13,2"
6,nantes,2016-07,25.02,10.54 ppb,0.72,88.33,266 914, 12.33 
3,marsEille,2016-06,22.26 µg/m³,11.31,"0,5", 80.37 ,936 537,16.72
9,Bordeau,2020-11, 23.30 ,10.84,0.66,9.36e+01,207218.0,13.45
1,París,2023-07,34.52,5.48 ppb,0.83,100.00,2024417,11.40
7,Strasbourg ,2023-04,,1.17e+01,0.52,52.26,300 022,"11,4"
6,Nante s,2024-02,17.73,10.73, 0.53 ,,251191.0,"12,8"
7,strasbourg,2023-05,23.49,2.64e+00,0.73,58.94,358 485,9.71
1,paris,2020-10,29.20 µg/m³,"8,0",0.58,9.20e+01,2075595.0,NaN
5,Nice,2020-12,"16,7", 1.96 ,0.65,42.98,400 299,
6,nantes,2020-10,29.52,5.11,0.72, 82.18 ,-10,11.38
4,toulouse,2018-01,22.92,?,0.78,90.34,521110.0,12.36
3,Marseille  ,2024-06,"45,1",13.77 ppb,0.81,100.00,781 456,1.44e+01
10,lille,2018-09,1.93e+01,12.56 ppb, 1.16 , 71.20 ,133722,"10,1"
2,Liyon,2017-12,34.51,11.84,0.68, 100.00 ,541480.0,12.31
6,nantes,2018-06,14.70,9.41, 0.91 ,61.01,245368.0,11.77 °C
3,Marseile,2021-03,41.48 µg/m³,,0.77,"100,0",-10,"14,6"
3,Marseille  ,2024-02,14.22,8.13,1.13e+00,"67,1",798 282,14.91
8, Montpellier,2024-01,17.76,4.38,0.67,60.24,383668.0, 14.41 
9,Bordeaux,2020-04,13.98,14.09,"0,6", 72.55 ,281 543,12.52
4,Toulouze,2024-12,"15,1",9.19,0.50,56.28,551871,13.04
7,strasbourg,2016-03,17.60,11.38,1.34,6.97e+01,370738.0, 10.48 
9,Bordeau,2023-07,13.78,5.14 ppb,0.15,42.49,266792.0,13.75 °C
7,Strasburg,2022-08,23.59,17.74, 0.66 ,"100,0",263718,10.83
10,Lille  ,2022-04, 28.22 ,16.89 ppb,0.66,99.43,179990.0,11.40 °C
3,marsEille,2020-04,25.42,-999,"0,7",77.99,866 133,None
10,Lilé,2017-11,31.45,12.60,-999,100.00,248 897,10.11
7,Strasbourg ,2024-02,23.93,18.16,1.23 ppm,1.00e+02,332290.0,11.31
6,Nante s,2022-12, 15.78 ,4.61e+00,0.52, 54.17 ,326083.0,12.47
2,Liyon,2016-07,16.00,12.85,0.64 ppm, 63.81 ,555547,12.54 °C
6,Nants,2018-03,21.03,15.96 ppb,"1,3","87,2",334571.0,"12,9"
8, Montpellier,2024-06,24.20,8.37,0.93,82.95,?,14.79 °C
8,montpellier,2019-03,12.03 µg/m³, 11.00 ,0.40,4.94e+01,351470,1.58e+01
2,Liyon,2024-05,"29,1","3,8",7.83e-01,90.42,420 313,12.47
5,Nîce,2023-06,5.89,15.27,-8.00,42.76,335538,16.46
1, PARIS,2020-05,34.43,1.33e+01,1.03 ppm,100.00,2182097,"11,9"
8,Montpelier,2019-08,1.71e+01,4.94,0.82, 48.63 ,197482.0,1.57e+01
3,Marseilles,2022-07,29.74,"8,0",1.49, 100.00 ,866160.0,-999
4,Toulouze,2017-10,35.69,14.94, 0.72 ,100.00,459117.0,1.32e+01
1, PARIS,2019-06,22.73 µg/m³,7.39, 1.14 ,81.33,2084955,13.12
8,montpellier,2021-10,19.44,"15,0",0.90 ppm,84.94,316342,13.61
7,strasbourg,2017-10,21.03,9.22,0.70,76.85,264115,10.71
9,Bordeaux,2019-09,1.79e+01,4.37,5.90e-01,57.83,345229.0,12.69 °C
9,Bordeaux,2021-11,-999,9999.00,0.38 ppm,64.41,304933,13.84
6,nantes,2022-09,23.97,16.81,?,79.13,278898.0,12.88
8, Montpellier,2018-08,1.82e+01,8.79 ppb, 0.68 ,49.52,310530,14.51
5, nice,2016-06,16.65,15.64,0.80,68.81,410168.0,"17,2"
1,Paris ,2016-06,21.58, 17.41 ,, 81.75 ,2 189 127,10.98
7,strasbourg,2019-09,2.22e+01,8.41,"1,1",78.46,316 326,1.03e+01
3,Marseille  ,2017-01,"27,6",7.75,0.79,97.10,791404.0,13.89 °C
3,Marseile,2024-03, 32.11 ,13.34,0.60, 100.00 ,?,1.55e+01
10,lille,2018-10,9.84 µg/m³,9.96, 0.99 , 44.98 ,160 658,10.77
4,Toulouse ,2016-04,NaN,12.58 ppb,0.84,100.00,480 133,"13,3"
7,Strasburg,2021-08,25.26,9.93e+00,0.39,80.96,350330,9.27
8, Montpellier,2019-11,21.96,6.78 ppb,0.78,"71,6",366020,14.13
5,NICE,2017-09,18.90 µg/m³,4.40,88.00,51.27,371275.0,17.39 °C
1, PARIS,2017-07,"29,3", 9.70 ,"0,2",89.92,2 151 011,14.66
3,Marseilles,2017-02,48.29,1.10e+01, 0.64 ,100.00,829719,17.33
7,Strasbourg ,2020-05,23.35,6.77,0.54, 69.13 ,295526, 10.17 
2,Lyo n,2024-01,2.53e+01,9.48e+00, 0.71 ,8.39e+01,568193,"14,3"
3,Marseilles,2022-05,"25,3",3.21, 0.99 ,84.96,853127.0,16.45
7,strasbourg,2023-02,"29,4",1.65e+01,"1,0","100,0",,11.15
10,Lilé,2018-01,3.35e+01,14.99,0.91,100.00,182 077,"12,3"
10,Lille,2022-01,17.28,1.27e+01,0.86,75.66,280 358,11.19
10,lille,2019-04,15.58,17.27,1.10 ppm,73.37,260822,9.19
3,Marseille  ,2023-11,30.95 µg/m³,"15,9",1.08,100.00,925217.0,"13,8"
5, nice,2020-08,15.15 µg/m³,9.74e+00,"0,7",60.98,334 188,1.67e+01
5,NICE,2018-08,"15,9",1.19e+01,0.92,63.48,279839.0,"15,5"
10,Lille,2020-08,12.59 µg/m³,4.64e+00,1.31 ppm,48.52,288797.0,"10,5"
1,paris,2018-12,"32,1","14,5",0.94,100.00,2132236.0,12.96
5,NICE,2018-07,15.25,3.81 ppb,5.77e-01, 48.17 ,327 191,16.26
3,Marseile,2023-05,34.22 µg/m³,1.41e+01,0.51, 100.00 ,855070.0,15.52
7,Strasbourg ,2018-03,28.31,10.01,1.05 ppm,100.00,284 782,11.19 °C
6,Nantes,2019-05,16.19,0.41,"0,6",4.69e+01,259470.0, 11.78 
1,paris,2020-01,29.53, 7.51 ,6.48e-01,89.10,2118531,13.05
9,bordeaux,2023-06,19.20 µg/m³,2.38,"0,6",66.10,221646,1.32e+01
1,Pari,2019-07,46.10, 14.13 ,0.32,100.00,2211345.0,11.49
2,Lyo n,2024-09,17.17,8.73,1.00,66.77,635966.0,1.25e+01
8,montpellier,2022-02,"9,2",, 1.04 , 40.70 ,319480,1.28e+01
3,Marseille  ,2024-07,19.51 µg/m³,12.69,1.36 ppm,9.25e+01,891902.0, 16.00 
1,paris,2024-02, 32.70 ,19.08,0.75,100.00,2125031.0,11.35
7,strasbourg,2020-10,10.29,18.51 ppb,6.57e-01,62.57,211848,"9,6"
7,Strasb.,2017-08,21.73,14.27,"0,4",82.99,154780,1.02e+01
3,Marseille  ,2020-11, 20.93 ,14.06,0.78,"86,2",919 369, 18.09 
10,Lilé,2016-03,26.79,9.38, 1.72 ,"93,3",185927,10.13 °C
3,marsEille,2018-07,31.09 µg/m³,14.01,0.57,100.00,896119,15.13 °C
6,Nants,2023-07,17.10,8.69,0.44,54.32,333218,11.75 °C
6,Nante s,2017-09,11.08,3.25,0.25 ppm,28.31,None,14.25
1, PARIS,2024-07,29.52,5.50e+00, 1.31 ,95.81,2153469,12.93
1,paris,2016-05, 22.10 ,10.44,0.41, 76.92 ,2117968,11.91
7,Strasbourg ,2023-07,22.34 µg/m³,9.68,0.31,62.27,301334,10.24
7,strasbourg,2021-03,28.78,10.62, 1.07 , 97.11 ,287 008,11.29
6,Nantes,2018-08,19.52,1.55e+01,0.81,85.71,333327,13.65
4,toulouse,2017-11,"32,5", 14.82 ,0.67,100.00,490026.0,14.10
3,Marseille  ,2021-10,"44,4",NaN,0.19,"100,0",?,"15,4"
8,Montpelier,2021-05,27.98,11.22,8.47e-01,"100,0",322 369,14.50
4,Toulouse ,2024-02,30.78,12.43,1.21,100.00,513681,"12,6"
9,Bordeaux ,2022-04,11.97,12.83 ppb,"1,2",56.35,243 012,-999
1,Pari,2021-07,11.58 µg/m³,1.54e+01,0.67, 64.98 ,2068278, 11.60 
2,Liyon,2021-08,21.37 µg/m³,11.58,0.82,8.03e+01,-999,11.43
1,París,2020-08,26.89,"6,4",0.72,80.64,2196755.0,12.05
1,Paris ,2018-05,2.48e+01, 6.99 ,0.48,"73,2",2 144 144, 12.54 
9,Bordeaux,2023-08,1.54e+01,10.17,0.96,62.41,231295.0,1.35e+01
9,Bordeaux ,2019-02,7.93,14.60,0.65, 53.81 ,233673.0,13.28
9,Bordeaux,2020-06, 17.09 ,"4,5",0.58,59.44,207 438,11.27
1,Pari,2020-07,1.79e+01,"5,1",9.90e-01,66.43,2179205.0,12.83 °C
2,lyon,2016-10,20.66 µg/m³,4.37,0.31,6.43e+01,455978.0,13.85
1,paris,2017-10,18.09,7.73,0.72 ppm, 61.55 ,2 070 466,12.27 °C
10,Lille  ,2023-12,18.97,14.42,1.00,85.70,227887,11.01
7,strasbourg,2023-08, 17.62 ,-999,1.19,77.61,272970.0,1.13e+01
9,Bordeaux,2024-03,2.00e+01, 6.66 ,7.77e-01,6.12e+01,282603,13.44
8, Montpellier,2023-10,-999.00,8.62e+00,9.22e-01,59.81,261656,15.07
9,Bordeau,2016-02,12.77 µg/m³,9.83,0.84 ppm, 52.11 ,167671,"13,4"
4,Toulouse ,2020-05,"35,0",8.32,0.05,100.00,511 836,13.90
3,Marseile,2017-12,30.60,9999.00,0.77 ppm,100.00,884 548,16.23
1, PARIS,2019-01,20.04,9.05,0.58,69.89,2 263 732,10.33
2,lyon,2020-07,34.57,7.39,0.59,93.94,497 384,-999
3,marsEille,2020-07,33.62,"5,1",1.12,"99,5",953664,16.58
6,Nants,2024-06,2.45e+01,8.15,0.66, 73.04 ,283766,12.79
7,Strasbourg ,2017-01,16.33 µg/m³,21.07,0.85,"84,8",259588.0,11.16
5,Nîce,2023-09,18.53 µg/m³,11.88,,6.58e+01,334466.0,15.60
8,Montpeller,2019-12,"21,8",8.88,-8.00,73.42,257 716,14.99
1,París,2024-05,33.81,6.31 ppb,0.92 ppm,"100,0",2168671.0,14.08
3,Marseile,2022-11, 35.85 ,18.43,0.28,1.00e+02,851993.0,16.17
2,Lyon ,2022-06,25.28,"10,9","0,9",91.17,527 520,12.46
3,Marseilles,2024-05,2.96e+01,19.67,1.01e+00, 100.00 ,50000000.0,15.17
4,Toulouse ,2020-01,9.27e+00,13.57 ppb,3.97e-01,,490713.0,12.55
2,lyon,2019-08,?,12.99,0.86,7.58e+01,504611.0,"12,3"
8,montpellier,2020-05,14.63,11.92 ppb,"0,0", 67.63 ,326551.0,15.15
5, nice,2024-09,-999,7.90e+00,5.16e-01,3.88e+01,287 492,"17,3"
9,Bordeaux,2021-04,12.83,12.99,0.71 ppm,62.08,314385,"14,5"
9,Bordeaux ,2021-12,19.76,17.07,0.96,8.51e+01,234450.0,11.25
8, Montpellier,2018-05,21.46, 9.49 ,1.05, 75.99 ,347763,14.96
10,lille,2022-06,13.03,15.26,0.56,5.54e+01,214 661,1.01e+01
8,montpellier,2023-08,1.85e+01,5.72,0.94,75.87,299149.0,15.51
7,Strasb.,2021-02,23.28,16.97,0.59,?,285414,"9,9"
1,París,2022-07,22.23,"7,7",0.63 ppm,61.91,NaN,13.57
8,Montpelier,2021-09,28.49 µg/m³,"14,2",5.15e-01,90.94,280716.0,15.43
9,bordeaux,2024-02,19.58,9.68,"0,8",62.87,354421,"13,6"
6,Nants,2021-01,"13,1","7,1",1.21,"55,5",349106.0,11.51
2,Lyo n,2023-04,33.83,11.12,0.73,100.00,482301.0,11.82
1,Pari,2022-08,"41,8","9,0",-999,100.00,2301944,1.33e+01
5,NICE,2024-05,28.52,7.53,0.32,7.64e+01,375635.0,14.62
7,Strasb.,2019-02,29.85,8.27 ppb,1.31,92.46,-999,None
9,bordeaux,2023-01,9.35,9.33 ppb,7.17e-01, 35.81 ,276582.0,
5,NICE,2019-11, 19.09 ,14.92 ppb,5.41e-01,77.79,235 648,15.92
4,toulouse,2024-10,50.59 µg/m³,"5,6",1.07,100.00,504031,1.53e+01
4,toulouse,2019-10,22.77,11.06 ppb,0.59,79.10,594 986,13.25
1, PARIS,2023-08,3.22e+01,9.19e+00,-999,99.17,2152329.0,"12,0"
2,lyon,2021-03,31.71,7.71e+00,0.69,100.00,606 377,12.54
3,Marseilles,2020-09, 25.45 ,16.94,0.74,94.42,812243,15.92
1, PARIS,2022-04,26.44,"13,8", 0.45 , 93.88 ,2121487.0,11.41
5, nice,2017-10,"13,0","10,5",1.19,57.60,287054.0,17.98
8,Montpelier,2022-04,16.67 µg/m³,10.28,7.48e-01,76.54,195 032,15.68
10,Lille,2020-10,,"10,7",0.79 ppm,78.06,311570,11.58
10,lille,2018-11,27.81 µg/m³, 3.86 ,1.09e+00,"90,3",279704.0,11.92
5,NICE,2022-08,25.68,"10,1","0,8",9.03e+01,276533.0, 18.20 
1,Pari,2020-09,19.57,8.71,8.03e-01,67.21,2106888.0,12.44
5, nice,2019-09,12.32,NaN,9.95e-01,?,313 439,16.98 °C
10,lille,2020-01,20.78,12.71,0.61 ppm,78.17,308516, 9.92 
2,Lyo n,2019-12,22.00,17.52,0.34 ppm,None,?,1.16e+01
4,Toulouze,2020-04, 25.85 , 16.04 ,"0,3",92.01,427380,1.39e+01
8, Montpellier,2019-02,14.01, 12.89 ,0.38,61.52,333 597,"15,4"
3,Marseilles,2017-09,33.02 µg/m³,"13,3",1.30,100.00,886 914,"16,6"
5,Nîce,2017-01,18.70,4.53,0.91, 56.51 ,367614,17.13
4,Toulouse,2017-03,28.89,8.03,9.02e-01,88.42,513817,1.40e+01
6,nantes,2023-09,19.54,"9,0",0.70,67.81,301783,12.51
3,Marseille  ,2020-06,30.45,"27,3",0.93,100.00,838682.0,16.65
1,París,2022-03,15.26,"-999,0",0.79,"60,4",None,11.14
4,toulouse,2021-04,"31,1",9999.00 ppb,0.70, 100.00 ,435414.0,13.11
7,strasbourg,2018-06,1.48e+01,13.53,0.54, 59.44 ,299 466,"11,1"
1,paris,2020-12,26.83,5.99 ppb,0.70,8.16e+01,2 164 135,11.37
8,Montpelier,2022-07,"22,4",4.90,9.62e-01,7.54e+01,263288,14.86
6,Nantes,2020-11,25.44,8.42,"1,0",88.91,425 181,1.08e+01
9,Bordeau,2016-10,1.72e+01,13.35,0.67,NaN,297 543,14.45 °C
4,toulouse,2020-10,34.05,8.99,0.55,-999,576944.0,14.48
7,Strasb.,2019-11,18.48,15.81,0.75,"76,2",339318.0,1.01e+01
1,Paris ,2016-12,2.64e+01,14.01,0.79,91.58,2166069,"13,7"
9,bordeaux,2016-06,"18,1","12,0",0.77,68.58,234304,12.60
4,toulouse,2021-01,44.96,,0.85 ppm,100.00,516725,14.39
3,marsEille,2021-05,36.76 µg/m³, 11.88 ,"0,6","100,0",801048,1.67e+01
3,marsEille,2016-12,33.69, 9999.00 ,"1,2",100.00,-10, 14.57 
10,lille,2016-02, 12.76 ,9.16,0.95,49.14,157324.0,8.58e+00
6,Nantes,2017-05,9.81e+00,9.40,, 55.86 ,345 303,12.06
1,Pari,2018-03,43.79,1.19e+01, 0.40 ,100.00,-999,1.30e+01
6,nantes,2020-04,NaN,, 0.42 ,83.15,283427,10.73 °C
4,toulouse,2018-04,18.89,12.55,?,7.53e+01,462 794,1.33e+01
1,Paris ,2017-04,27.87,13.87,0.52,94.10,2128394,10.74
6,nantes,2023-01,12.03 µg/m³,9.27,"0,2",46.43,?,10.83
5,NICE,2021-01,18.72,1.61e+01,0.46,84.29,386 609,16.26
3,Marseile,2018-03,NaN,24.49,1.01,100.00,897667,"15,9"
8,Montpelier,2022-03,10.81,,7.72e-01,54.33,328242,16.64
8,Montpeller,2016-09,16.87,1.48e+01,0.96,7.85e+01,277017,13.92
7,Strasbourg ,2019-10,16.92 µg/m³,12.40,0.84,71.75,?,8.96 °C
9,bordeaux,2023-04,2.15e+01,"11,2", 0.51 ,85.00,264350,1.28e+01
10,Lille,2021-05,21.69,6.26,0.76,78.06,291964.0,1.07e+01
10,Lille,2022-12, 31.09 ,"5,5",0.71, 91.58 ,226 272,10.78 °C
4,Toulouse ,2022-11, 25.82 ,13.30, 0.59 ,,577479.0,14.88
4,toulouse,2021-12,25.60,7.81e+00, 0.74 , 85.61 ,545869.0,"14,9"
6,Nante s,2019-07,20.98,7.86 ppb,0.83,82.19,350775,
5,Nîce,2020-03,20.35 µg/m³,1.09e+01,8.27e-01,9.51e+01,235794.0,18.22 °C
7,strasbourg,2018-05,32.13 µg/m³,14.15,1.13 ppm,100.00,327 495,11.08
10,Lille  ,2024-07,None,7.69,0.61,8.34e+01,119360,11.04
5,Nice,2022-10,17.46,"9,0",1.00,67.87,241646.0,15.38
1,París,2024-12,24.66,3.99,0.64,72.66,2 013 155, 12.15 
6,Nante s,2022-05,"14,6",11.33,0.93,61.64,363258.0,-999
4,Toulouse ,2018-06, 3.94 ,"9,2",1.30,4.07e+01,489036.0,1.32e+01
9,bordeaux,2020-12,9.54,13.81,1.12,64.15,321197.0,13.60
3,marsEille,2022-12,34.70,8.39,0.74,100.00,913800.0,15.52
7,Strasb.,2017-03,24.10,,0.95, 89.31 ,315312,?
4,Toulouze,2022-04,26.25,?,0.47,-999,500363.0,1.36e+01
8,Montpelier,2017-05,20.32 µg/m³,13.35,0.53 ppm, 61.55 ,326 161,-999
9,Bordeaux ,2023-09,?,15.65,0.54 ppm,77.72,276 917,12.81
10,Lilé,2024-01,18.45 µg/m³,?,0.97,74.66,141812,11.03
2,Lyon ,2019-05,32.32,14.43,0.91, 100.00 ,573333,13.27
5, nice,2023-08,18.76,8.93e+00,9.12e-01,58.77,335045,"15,9"
10,Lilé,2020-12,"24,6",17.60, 0.83 ,100.00,286149.0,9.62 °C
8,Montpeller,2019-09,21.04,-999.00,0.35,67.23,286862,13.40
10,Lille,2019-05,"22,9",14.17,1.35,"88,3",168082,9.80
5,NICE,2019-12,1.60e+01,6.36e+00,"0,5",50.94,354609.0,"16,3"
5,Nîce,2022-02,"2,8",7.37,"0,8",21.18,342949.0,16.95
3,Marseille  ,2022-02,41.04,4.24,0.52, 100.00 ,907 515,17.21
4,Toulouze,2019-04,45.21,10.03,0.65,100.00,480 980,14.87
7,Strasbourg ,2022-11, 22.73 ,12.85,0.64,83.49,259626.0,10.40
8,Montpeller,2017-11,12.86,10.14,0.86, 47.84 ,324013, 13.94 
5,Nice,2021-07,1.01e+01,-999.00 ppb,1.08,68.51,343601,16.29 °C
2,Liyon,2021-09,2.68e+01,1.47e+01,0.84,95.47,558584.0,9.25
10,lille,2017-06,"33,6",14.12,1.21,100.00,294228,"12,9"
4,Toulouze,2018-05,27.37,5.99e+00,0.89, 83.69 ,478570.0,12.51
6,nantes,2018-02,8.54,"6,8",0.68,37.96,408627,10.91
7,strasbourg,2023-11,2.99e+01,13.42,1.22 ppm, 100.00 ,232 144,None
3,marsEille,2017-10,28.46 µg/m³,7.97e+00,0.53, 78.54 ,962810,14.40 °C
6,Nante s,2017-02,24.73,19.28,0.75,93.72,232 551,12.56
4,Toulouze,2017-09,2.94e+01,7.67 ppb,9.03e-02, 85.21 ,561137.0,14.43
4,toulouse,2023-11,14.84,4.71e+00,0.82, 55.11 ,517444,13.25 °C
6,Nantes,2018-05,16.67,18.19,0.53 ppm,72.24,409 577,11.47
4,Toulouse,2019-06,12.62,11.85,1.21,54.56,499 485,1.28e+01
2,lyon,2017-10,32.60,3.72 ppb,0.52,91.01,516278.0,12.72
10,lille,2020-07,20.46, 7.59 , 0.87 ,63.39,239 171,11.57
10,Lilé,2018-02,35.94 µg/m³,1.39e+01,1.32e+00,"100,0",192144.0,10.74
10,Lilé,2022-03,28.15 µg/m³,11.12 ppb,4.77e-01,92.12,237672.0,1.09e+01
10,Lilé,2022-10,28.49 µg/m³, 11.49 ,, 100.00 ,212 606,1.20e+01
7,Strasb.,2021-09, 14.00 ,12.61 ppb,0.54,55.40,268820.0,"9,4"
3,Marseilles,2018-01,39.56 µg/m³,1.76e+01,"0,9",100.00,879984.0,"14,8"
7,Strasb.,2016-07,"19,7","10,4",?, 78.44 ,231 031,NaN
9,Bordeau,2020-05,?, 7.39 , 0.15 ,59.37,295 157,14.33
7,Strasb.,2020-04,4.41,9.62 ppb,1.17,29.33,139618.0,"11,4"
6,Nantes,2016-04,25.12,15.75 ppb,0.64,93.05,264 769,13.47
7,Strasburg,2023-01,23.94,"9,4",1.09,78.13,,9.84
7,Strasburg,2024-03,18.28,15.63,"0,4", 78.63 ,230 273,"11,1"
7,strasbourg,2019-04,28.50,13.00,"0,9",94.58,245 962,1.26e+01
2,Liyon,2021-11, 22.79 ,11.39,"0,7","83,3",523 841,10.82
2,Liyon,2017-04,41.99,"14,1",0.24,1.00e+02,488759,12.13
3,Marseille  ,2018-04,46.33,15.23,7.98e-01,100.00,849548,14.65
4,toulouse,2016-12,12.53,6.95,"0,5",42.13,531473,13.31 °C
9,Bordeaux,2021-05,17.67,6.01 ppb,0.70,57.53,242796.0,
2,Lyo n,2023-11,20.53,13.58,0.63 ppm, 84.21 ,486 325,12.38
3,marsEille,2023-01,52.93,1.17e+01,?,"100,0",769843,13.92
7,Strasb.,2017-11,37.22, 5.17 ,"0,3",100.00,256 067,10.48
3,Marseille  ,2017-03,3.97e+01,9.66,"1,5",-999,897104,"15,8"
3,marsEille,2023-07,20.05,"12,5",8.30e-01,"76,2",853 573,13.62
2,Lyo n,2020-11, 43.18 ,1.26e+01,0.56 ppm,"100,0",589967,13.02
7,strasbourg,2022-05,1.69e+01,12.13,-8.00,6.08e+01,242 980,10.24
8,Montpelier,2018-07,"32,3",14.74,0.88,100.00,350 357,15.52
3,marsEille,2019-12,24.47,8.11,0.90, 88.08 ,809 208,15.56
5, nice,2018-03,18.29 µg/m³,9.18,"1,1",78.74,316709.0,16.35
9,bordeaux,2017-02,17.67,11.67,1.00 ppm,67.57,314 605, 13.25 
4,Toulouze,2019-08,33.48,4.83e+00,0.46,9.79e+01,564205,13.86
3,marsEille,2017-05, 54.14 ,1.27e+01,"0,7",100.00,792643.0,1.45e+01
2,lyon,2019-07,3.03e+01,8.43e+00,0.71,100.00,529554,12.15
4,toulouse,2023-01,"19,9",7.24,0.47,"61,3",-999,12.78
1,paris,2018-10,"27,5",5.43,0.79 ppm,87.65,2202152.0,13.25
9,bordeaux,2017-11,8.05, 9.12 ,0.65,43.01,-999,12.60
4,Toulouse,2022-01,23.76,"4,7",0.60 ppm,73.72,441 812,12.54
2,Lyo n,2018-01,"29,4",4.89,0.43,90.51,518022,
4,toulouse,2017-08, 29.36 ,10.77, 0.91 ,98.01,509523,13.40
1, PARIS,2016-10,3.63e+01,1.37e+01,88.00 ppm,100.00,2 164 563,13.18
3,Marseile,2019-03,28.38,17.23,1.41 ppm,100.00,,1.44e+01
10,Lille  ,2017-12, 28.63 ,12.00,1.05, 89.26 ,254349.0,10.06
6,nantes,2016-08,"5,1",13.51 ppb,0.31 ppm,43.59,293 493,12.09
3,marsEille,2021-08,37.95,1.29e+01,"0,9","100,0",891 736,16.61
7,Strasb.,2018-11,20.78,1.31e+01,1.21, 78.50 ,319774,10.21
1, PARIS,2022-11, 27.70 ,6.55,1.08,9.26e+01,2096137.0,"12,0"
1,paris,2021-05,20.17,1.06e+01,0.79, 83.56 ,2 195 521,11.62 °C
7,Strasbourg ,2021-07,15.99,12.98 ppb, 0.70 ,67.40,365456, 11.41 
9,bordeaux,2017-05,12.74,12.64,0.96,63.36,340939.0,14.22
2,Liyon,2020-08,12.74 µg/m³,13.04,"0,9","62,5",471651,12.05
7,strasbourg,2017-05,23.35 µg/m³,2.01, 1.01 ,6.87e+01,386172.0,"10,0"
9,Bordeaux ,2019-05,15.24,12.62,0.94 ppm,66.35,221439,12.03
4,Toulouse ,2019-09,24.18,10.00,0.39, 82.35 ,534116.0,13.05
2,Lyon ,2016-12,26.66,14.41,0.73,96.31,501819,12.04
5,NICE,2018-01,14.39,11.37,1.09,6.82e+01,360 743,"17,0"
6,Nante s,2019-11,13.23,"11,7","1,0", 49.73 ,50 000 000,9.81
8,Montpelier,2016-10,14.32,10.78,0.84,NaN,299594,15.16 °C
8,Montpeller,2024-12,?,10.06,0.75,63.54,289 968,None
9,Bordeaux,2017-06,9.63,15.45,0.55,"57,3",338 686,14.26
2,Lyo n,2016-03,21.84,7.81,0.69, 70.51 ,484 357,12.21
8,Montpeller,2017-07,21.82,1.65e+01,3.52e-01,82.60,219 164,14.77
7,strasbourg,2016-10,17.30,0.53,7.16e-01,55.77,316881,11.23
4,Toulouse ,2020-07, 22.46 ,9.67e+00, 0.79 ,7.61e+01,456214.0,13.53
9,Bordeaux,2016-11,21.45 µg/m³,9.95,0.55, 66.25 ,300968, 14.22 
6,nantes,2016-02,20.65,7.07,0.76 ppm,60.50,340 162,12.60 °C
2,Lyon ,2017-02,27.17 µg/m³,11.39,5.65e-01,86.76,529 792,11.12
7,Strasb.,2020-11,31.93,10.33,"1,3", 100.00 ,197 905,11.69
6,Nante s,2022-03,21.62,"6,6",1.32 ppm,78.48,NaN,12.15 °C
5,NICE,2019-03,14.69,1.34e+01,0.69 ppm,56.66,337 379,18.20
4,Toulouse,2023-10,2.40e+01,7.55e+00,0.43 ppm,"71,5",637454.0,14.74
8,Montpeller,2023-05,-999,9.18e+00,7.08e-01,85.04,298 971,15.29
5,Nîce,2018-10,19.41,7.77e+00,0.60, 61.52 ,,"15,7"
8,montpellier,2019-06,7.86,6.09, 1.39 ,4.11e+01,336 547,14.35
10,Lille,2023-03,1.32e+01,8.54,1.67 ppm,5.73e+01,164312,11.43
8, Montpellier,2020-10,None,NaN, 0.95 ,71.94,257380,15.48
8,Montpelier,2018-01,16.61,7.69e+00,1.07e+00,6.03e+01,248146,15.67
4,toulouse,2020-03,41.55,"10,4",0.48 ppm,100.00,480543.0,14.42
9,Bordeau,2018-08,9.49 µg/m³,5.50e+00,0.43 ppm,"35,9",281 581,1.45e+01
7,Strasburg,2017-07, 6.64 ,1.05e+01,"1,3",47.43,246825.0,"10,8"
4,Toulouse ,2016-09,37.70,12.83,0.79, 100.00 ,488 673,12.62 °C
10,Lilé,2017-10,18.39,21.86,NaN,95.25,233744,-999
10,Lille  ,2018-07,23.04,17.25,0.98,"89,0",340928,1.09e+01
10,Lilé,2023-11,"22,4",5.83,1.10, 68.72 ,248 505,9.89
1,Paris ,2019-05,19.87, 9.54 ,0.83,76.57,2087985.0,11.87 °C
8,Montpeller,2023-06,10.93,9.12,8.52e-01,4.17e+01,310042.0,1.51e+01
10,Lille  ,2017-08,"17,3",17.60,3.40e-01,65.50,238829, 10.73 
5,Nice,2020-04,14.65 µg/m³,11.15, -8.00 ,58.11,311508.0,16.83
8, Montpellier,2021-07,27.21,1.45e+01,-999, 98.32 ,300157.0,16.23
3,Marseile,2016-02,30.51 µg/m³,8.37,"1,0",94.35,861 409,15.49
3,Marseille  ,2023-08,26.47,12.45 ppb,0.89,"88,6",923285,14.63
6,Nants,2022-06,12.50,6.65,0.66,"49,4",283771,1.37e+01
4,Toulouse,2021-06,35.01,12.30 ppb, 0.83 ,100.00,490353.0,12.84
9,Bordeau,2022-10,29.69,1.02e+01,0.54,100.00,194051,13.82
2,Lyon ,2020-02,32.85 µg/m³,9.60 ppb,1.16,100.00,443723.0,11.41 °C
4,Toulouse,2024-06,12.73,2.48,1.17,49.16,446 585,NaN
3,Marseille  ,2018-11,40.81,9.35 ppb, 0.59 ,1.00e+02,851490.0,"15,0"
2,Lyon ,2017-05,31.66,7.10e+00,0.75, 93.48 ,489424, 10.69 
4,Toulouse,2020-11, 27.77 ,"6,8",0.49,87.11,510 919,"14,9"
8, Montpellier,2022-05,NaN,12.27,"0,5", 66.79 ,335 570,18.11 °C
4,Toulouse,2016-06,26.83,"8,4","1,0",9.43e+01,451 356,13.91
4,Toulouse,2018-02,36.35,9.70,"0,9",100.00,412 312,14.32
8,montpellier,2021-12,"17,3",11.24,0.54 ppm,64.19,253 026,16.12
5,NICE,2022-09,1.73e+01,16.53,0.52 ppm,82.28,378757,"17,1"
2,Lyon ,2021-02,42.62,10.79 ppb, 0.54 ,100.00,503982.0,12.52
7,Strasbourg ,2021-05,NaN,6.82,0.23,"41,6",260078.0,9.83
1,París,2017-11, 17.44 ,11.89,0.47,73.89,50 000 000,11.88
1,paris,2018-11,"14,6",6.25,0.83 ppm,56.73,2 173 752,16.05
3,Marseille  ,2021-01,34.22, 18.32 ,0.54,100.00,925855, 15.38 
7,Strasb.,2020-07,"27,3","3,1",8.54e-01,84.30,382 832,10.32
4,Toulouse ,2019-11,23.77, 7.41 ,0.89,78.51,457531,14.82
2,Lyo n,2020-04,"26,3",14.47,0.79,NaN,548488.0,12.55 °C
3,Marseile,2021-12,4.04e+01,14.95,0.56,"100,0",833201,"16,3"
2,Liyon,2022-04,"35,2",11.39,?,100.00,624418.0, 11.96 
9,Bordeaux,2019-06,12.50 µg/m³, 7.53 ,7.27e-01,48.08,294396.0,13.19
8, Montpellier,2022-08,27.59,12.93,0.70 ppm, 94.21 ,303830,14.49
10,Lille  ,2017-05,"30,1",13.94,0.55 ppm,"97,7",,8.39
2,Liyon,2020-05,3.28e+01,15.32,"0,7",100.00,515513,1.35e+01
10,Lille,2016-11,11.53,9999.00,0.98 ppm,"50,7",153 442,11.78
2,Lyo n,2017-08,50.04,9.62,"1,0", 100.00 ,518250,13.87 °C
7,strasbourg,2022-07,2.32e+01,10.44,1.02,87.33,305 370,9.98e+00
1,Paris ,2022-09,25.85,6.18e+00,0.30,77.89,2110182.0,
9,bordeaux,2018-09,"30,1",1.00 ppb,8.52e-01,82.46,230679.0,"13,2"
9,Bordeaux ,2018-01,18.77 µg/m³,?,"0,6",5.58e+01,272808,14.99
9,Bordeaux ,2024-06,7.42,0.03,0.77,27.04,245758.0,13.69
4,Toulouse ,2023-08,26.88,7.24e+00,0.58 ppm,91.04,427174.0,14.31
2,lyon,2023-01,21.25 µg/m³,4.71e+00,1.11,76.34,485592.0,14.35
5,Nîce,2024-07,11.06,7.29,0.51,"47,8",385019,1.70e+01
2,Lyo n,2022-02,3.63e+01,10.96,0.64,100.00,516419,"12,1"
2,lyon,2024-11,19.93,4.68,0.24 ppm,61.78,-10.0,9.95 °C
5,Nice,2020-06, 13.31 ,11.43,-999, 59.39 ,374 275, 18.35 
2,Liyon,2017-03,"30,7",3.19, 0.96 ,93.41,532801.0,-30.00
4,Toulouse,2018-11,26.07,"3,4","0,7",85.19,491 044,13.73
4,toulouse,2023-09,2.45e+01,8.88,0.90,85.22,518530,14.47
7,strasbourg,2019-01,2.11e+01, 13.17 ,0.75,86.92,279 982, 11.03 
9,Bordeaux,2021-07,,"14,1",1.11,1.00e+02,318375,"13,1"
3,marsEille,2021-09,?,10.84,1.04,1.00e+02,853368,14.53 °C
8,montpellier,2016-03,20.46 µg/m³,9.08,1.05 ppm,None,343641.0,14.03
10,lille,2018-04,27.82,12.82,"1,2",None,255397,9.53 °C
4,Toulouse,2016-08,33.53,1.21e+01,0.54,1.00e+02,530020, 14.25 
7,Strasb.,2017-12,15.98 µg/m³,10.75,1.32 ppm,?,333111.0,9.38 °C
5,NICE,2017-04,1.44e+01,12.93,0.78,64.86,363 463,
1,Pari,2024-06,20.04 µg/m³,5.02 ppb,0.26, 67.66 ,2 180 718,12.14
5,NICE,2017-03,1.81e+01,3.74, 0.72 ,56.75,373957,16.20
6,nantes,2020-12,25.56 µg/m³,14.59,"0,5",95.37,326807,12.07 °C
9,Bordeaux ,2016-07,"25,8",None,0.64,81.47,406 782,12.73
1,Paris ,2023-11,37.81 µg/m³,,0.19,100.00,2054460.0,11.85
4,Toulouse,2024-11,30.35,11.56,0.69, 100.00 ,544823.0,12.87
7,Strasb.,2020-08,23.94,"3,3",0.12,70.30,289721,11.98
9,Bordeaux ,2017-01,13.97,7.05,0.29,58.54,322627,13.02
7,Strasbourg ,2017-09,18.08, 15.04 ,"0,8", 69.21 ,240750.0,"11,0"
2,Lyon ,2018-11, 21.26 ,14.76,1.06,82.99,478382, 12.57 
8,Montpeller,2022-06,22.85,6.61,0.59,None,210217.0,14.67
8, Montpellier,2019-01,"16,6",8.37,0.57, 61.16 ,225137,16.28
9,Bordeaux,2019-01,9.79e+00,"8,4",0.83,4.59e+01,217423.0,13.81
6,Nante s,2022-10,"21,0",14.28 ppb,4.00e-01, 66.29 ,352900.0,1.15e+01
10,Lille,2022-09,1.27e+01, 14.92 ,1.17, 69.35 ,348 234,10.17
3,Marseile,2019-02,-999,20.90,1.21,None,848675.0, 14.54 
6,Nantes,2021-06,21.58,7.46,0.64,75.27,331077, 12.57 
5,Nîce,2024-11,2.04e+01,"9,8",0.60,61.61,286 457, 18.41 
3,Marseille  ,2020-05,35.89,10.79,0.75,100.00,904155,15.42
1,Pari,2021-04,46.71,6.77,None,100.00,2041805,11.67
8, Montpellier,2024-08,12.78,9.96,"0,7",68.83,NaN,13.87
6,Nante s,2016-06, 16.71 ,6.51,9.20e-01, 64.34 ,264 186,13.66
6,nantes,2024-09,15.77,"7,1","0,8",66.12,316994,13.30
9,Bordeaux ,2024-04,1.64e+01,1.28e+01,0.39, 60.58 ,282866,15.90
7,Strasbourg ,2022-02,17.31,16.32,"1,3",79.25,324068,9.65
2,lyon,2016-11,"-999,0","16,8",0.75, 52.88 ,492754.0,12.50
5, nice,2023-12,13.72,7.22,0.41 ppm,NaN,320503.0,16.66
9,Bordeaux ,2016-09,10.50,8.97 ppb,0.78,5.78e+01,190109,15.00
6,Nants,2017-03,24.62 µg/m³,11.90,0.70 ppm,83.46,255391,13.13 °C
8,Montpelier,2016-05,11.58,16.88,0.48, 60.12 ,339592,"14,4"
7,Strasbourg ,2018-09,26.16,8.65 ppb,1.34,82.26,355558.0,10.58
2,Lyon ,2021-07,25.45,13.53,0.86,84.67,593827,13.48
7,Strasbourg ,2024-06,27.77, 20.05 ,NaN,100.00,181516,9.61e+00
10,lille,2022-05,32.03,10.49,0.77,1.00e+02,257277,11.14
7,Strasburg,2019-07,26.06,19.86 ppb,0.95,1.00e+02,214054,"8,2"
5,NICE,2017-12,22.85 µg/m³,"16,7",0.84,86.24,439353,15.97
5, nice,2023-07,6.85 µg/m³,1.60e+01,7.10e-01,"50,4",387577,15.48
1, PARIS,2023-10,30.55,8.32 ppb,0.77,"100,0",2 191 556,11.87
5,NICE,2021-09,5.90,6.56,NaN,39.99,?,15.16 °C
9,Bordeaux ,2018-11, 9.01 ,1.29,0.53 ppm, 30.53 ,265 142,13.95
3,Marseilles,2023-12,None,17.41,0.51 ppm,100.00,804 714,15.29
7,strasbourg,2016-05,28.87,7.94 ppb,0.39,87.53,None,11.35
5,NICE,2023-03,18.63, 2.52 ,0.41,53.04,324957.0,15.29 °C
7,Strasburg,2021-06,21.11,13.75,1.47,80.51,347969,"11,8"
2,Lyon ,2019-10,22.98,?,9.68e-01, 78.17 ,526648,"65,0"
2,lyon,2016-09,29.94,5.00 ppb,0.93,"90,7",493863,13.15
5,Nîce,2024-04,9.74, 13.57 ,0.92,,319515.0,17.21
5,NICE,2019-01,"21,1",7.80,0.67 ppm,68.09,426942.0,"16,2"
5,Nîce,2016-12,17.13,12.21 ppb,0.41,60.73,369 861,-999
7,Strasburg,2020-02,"15,5",9.19,0.70 ppm,61.32,407453,10.08
10,Lilé,2016-07,-999.00,1.01e+01,"0,6","65,0",250 018,9.79e+00
9,Bordeaux ,2019-12,17.79,1.10e+01, 0.62 ,67.77,335772,1.42e+01
1,Pari,2017-12,"34,3",5.08e+00,0.76 ppm,100.00,2067625,12.38
1,paris,2018-07,3.26e+01,6.57,0.43,9.82e+01,2136826,12.91
8, Montpellier,2022-12,22.29,19.58,"1,2",94.13,381 194,1.54e+01
1, PARIS,2016-01,31.47,9.45,8.62e-01, 100.00 ,2136292,1.20e+01
6,nantes,2019-09,14.99,4.51,0.78 ppm,51.74,335 012,
5,Nîce,2016-04,19.72,5.45 ppb,"0,6",63.93,369939,17.17
6,Nants,2022-08,24.08 µg/m³,9.37,1.51,100.00,300 927,12.19
7,Strasburg,2016-06,"28,4",11.71,1.40,100.00,-999,9.19
2,lyon,2016-08,23.75 µg/m³,"14,6",0.43,88.71,549 655,1.18e+01
5,Nice,2022-05,"18,5", 14.79 ,0.36,68.45,325 572,1.57e+01
1,París,2018-09,28.93,5.02,0.74, 89.20 ,2103807.0,12.35
8, Montpellier,2020-07,1.51e+01,6.70,"0,5", 46.44 ,296206.0,13.32
8,Montpelier,2018-04, 18.76 ,8.12,0.45,NaN,333313.0,15.58
1, PARIS,2019-03,"20,6","12,7",0.52,"76,7",None,11.55
1,París,2018-01,29.34,13.13,0.39,90.34,2174097,12.50
8, Montpellier,2017-08,16.51,12.51,0.71,70.26,335172.0,17.15 °C
2,Lyon ,2023-08,12.66,None,0.70,59.01,531195,1.35e+01
2,Lyo n,2024-02,21.98,4.52,"0,7",81.42,479 816,"13,7"
9,bordeaux,2024-11,16.38,1.11e+01,"0,4", 67.76 ,230155,1.21e+01
9,Bordeau,2022-03,11.82,11.47,"0,5",5.62e+01,267570.0,14.10
2,lyon,2022-01,"23,9",8.60,0.62,89.14,539 096,1.25e+01
3,Marseille  ,2019-07,40.67 µg/m³,17.89, 0.81 ,100.00,816100.0,14.67 °C
10,lille,2016-10,16.29,8.00e+00,0.16,52.57,220614.0,11.42
3,Marseille  ,2020-01,37.03,15.33,0.89,100.00,818620,"15,6"
7,Strasbourg ,2021-10, 14.59 ,1.54e+01,"0,4", 56.02 ,258498.0,"11,5"
10,lille,2022-08,"15,8",16.11 ppb,0.82,"71,9",222745.0,1.19e+01
3,Marseille  ,2022-08,3.29e+01,20.14,0.65,1.00e+02,822 876,14.18
9,Bordeau,2024-12,15.61 µg/m³,10.14,0.74,68.45,248 177,1.37e+01
7,Strasb.,2021-04,23.69 µg/m³,,5.04e-01,72.55,283393,10.28
8,Montpelier,2021-02,11.84 µg/m³,"8,5","0,9", 55.60 ,275173,"13,8"
7,strasbourg,2022-06,6.94 µg/m³,1.22e+01,7.65e-01, 34.98 ,310 210, 11.52 
8,Montpelier,2018-03,,12.11 ppb,0.65 ppm, 82.96 ,325507,16.27
1,Paris ,2024-10,11.77 µg/m³,16.12,"0,7",58.07,2097394.0,10.55
1,Paris ,2021-12,"18,3",1.27e+01,?,65.76,2 088 837,10.16
6,nantes,2023-03,"18,6",18.17,0.77, 81.39 ,326104,12.29
3,Marseilles,2017-07,4.32e+01,8.37,88.00,1.00e+02,843866,15.25
4,Toulouze,2017-12,NaN,0.82,5.62e-01,35.76,464592,13.35
10,Lille,2023-02,20.57, 11.21 ,0.85,-999,210 385,11.97
4,toulouse,2022-07,1.69e+01,6.33,"1,0",62.64,517 573,13.84
9,Bordeaux,2024-01,"16,4",12.07, 0.45 ,56.52,265360,13.48
5, nice,2023-05,"13,6","7,6",0.82,"51,7",333030,17.24
5, nice,2022-06,25.57 µg/m³,"6,6", 0.56 ,8.04e+01,-10,16.10
7,Strasburg,2020-09,11.71,14.50,1.40e+00,6.71e+01,303829,10.81 °C
1,paris,2020-02,30.21, 7.23 ,0.92,?,2188643.0,"12,8"
4,toulouse,2021-03,34.55,"7,5",0.56 ppm,97.78,511975.0,14.28
3,Marseilles,2023-03, 49.81 , 16.30 ,0.76,100.00,752409,"14,8"
2,Liyon,2021-12,35.97,8.02,0.31 ppm,100.00,595 037,None
2,Liyon,2023-10,20.68,7.35,3.49e-01,74.97,457806.0,11.41
8,montpellier,2024-05,20.88,"12,9",0.53,73.54,271294,15.54
9,Bordeaux ,2020-10,22.24 µg/m³,10.05, 0.66 ,76.68,324603,13.05
3,marsEille,2017-04,46.46 µg/m³, 19.50 ,0.85, 100.00 ,882998,14.82
5,Nice,2017-07,18.29,14.36,88.00, 84.42 ,352 465,17.55 °C
10,lille,2021-04, 28.68 , 12.60 ,0.70, 91.06 ,187 320,9.06
9,Bordeau,2020-08,22.66,3.92,0.83,7.39e+01,198021.0,1.23e+01
9,Bordeau,2021-01,-999,3.32,1.21,54.98,235 402,15.13 °C
10,Lilé,2024-05,10.93,5.57e+00,0.88,42.86,164 733,1.04e+01
7,strasbourg,2020-06,25.16,1.70, 0.58 , 65.65 ,277 182,10.26
3,Marseilles,2022-10, 16.15 ,"15,6",?,65.20,844 539, 14.75 
8,montpellier,2019-07,5.46,9.32,0.63, 31.96 ,294267.0,15.26
7,Strasburg,2019-05,1.63e+01,19.95,0.77 ppm, 78.37 ,343518,12.07
2,Liyon,2017-06, 18.69 ,"4,6",0.46, 63.45 ,472530.0,14.73 °C
10,lille,2024-02,24.22 µg/m³,"8,7",0.45,85.59,256572,10.47
6,Nantes,2016-12,21.19,11.45 ppb,1.14,"81,6",250906,12.75
9,Bordeaux,2018-04,,1.20 ppb,0.20,4.08e+01,290 688,
6,Nantes,2021-08,"12,1",9.86 ppb,"0,5",4.43e+01,None,"12,5"
10,Lilé,2019-06,1.20e+01, 18.42 , 1.30 ,72.21,293 064,10.83
1,paris,2017-09,34.12,6.36 ppb,1.05, 98.34 ,2177342.0,1.44e+01
10,lille,2021-08,"20,0",-999,0.65, 81.76 ,194 202,11.06
9,Bordeaux,2016-05,10.66,10.25,0.73 ppm,43.90,251235,14.20
3,Marseilles,2021-02,9.48,?,1.23e+00,"49,5",?,1.50e+01
6,Nante s,2019-02,18.94,14.09,0.74,69.25,289 408,12.43 °C
7,Strasburg,2018-07,13.04 µg/m³,"17,1",1.01,6.48e+01,213120,NaN
3,Marseille  ,2019-05,37.95,9.44,4.89e-01,"99,6",858624.0,1.73e+01
4,Toulouse,2022-03,35.01,"14,1",0.24,"100,0",415173.0,-999
10,Lilé,2024-09,None,16.78,6.31e-01, 64.82 ,212961,"9,4"
2,Liyon,2024-08,26.00,6.38,"0,5",85.92,574 565,1.27e+01
8,Montpeller,2016-01,19.30,8.79 ppb,0.65, 71.71 ,247990.0,16.95
1,paris,2023-06,21.13 µg/m³,10.19,0.48,71.04,2198314,11.62
4,Toulouse,2022-09, 13.22 ,12.06,0.84, 59.25 ,546217.0,13.17
2,Liyon,2022-12, 17.13 ,4.24,1.10,55.94,470 430,9.95e+00
7,Strasburg,2022-09,"16,8","13,1",0.32,61.95,?, 10.94 
8, Montpellier,2017-06,5.90,1.33,"0,9",26.41,288717,1.64e+01
9,Bordeau,2022-01,15.29,"8,7",0.80,"58,5",243980.0,12.02
5,Nîce,2019-07,17.37,5.61,0.55,53.18,309606.0,1.60e+01
10,Lille  ,2018-05,13.58 µg/m³,8.97 ppb,0.56,50.24,221292.0,11.54
10,Lille,2018-12,"37,5",1.03e+01,0.87 ppm,100.00,232098.0,12.23
1,paris,2018-04,37.43,None,0.94,100.00,2 189 103,"14,1"
3,Marseilles,2016-08,"28,2",12.82,0.89,98.64,881846,16.69
3,marsEille,2016-01,42.33,10.61,"0,9",100.00,826 595,16.49
3,Marseille  ,2018-09,15.92 µg/m³,18.06,0.67,86.43,831787,15.68 °C
2,Lyon ,2022-10,24.80,"13,9",1.00,86.63,549870,"12,8"
8,Montpeller,2016-12,27.81,15.25 ppb,0.43 ppm,"95,4",282741,15.49
4,Toulouze,2021-08,2.27e+01,6.55,0.87, 73.32 ,542 996,14.12
1,Pari,2021-11,45.55,17.02 ppb,0.64,1.00e+02,2 180 268,1.36e+01
7,strasbourg,2024-10,24.11, 7.69 ,0.69,84.11,314820.0,12.88
5,NICE,2024-06,14.19,11.75,0.75,62.69,351 114,17.78
10,Lille  ,2024-03,13.41,8.06,1.23,5.86e+01,204 470,"11,2"
9,Bordeaux ,2018-06,6.44 µg/m³,8.90,0.69, 36.91 ,263094.0,?
10,lille,2022-07,20.00, 5.08 ,1.13,7.46e+01,?,"11,7"
3,marsEille,2016-04,32.51,5.70,0.52,93.51,829524,15.31
3,Marseilles,2017-06,45.36,8.85,0.53,100.00,919285,16.22
4,Toulouze,2023-07,2.21e+01,13.44 ppb, 0.60 ,81.10,491 269,11.58 °C
3,Marseile,2022-01,36.37 µg/m³,20.82,0.77,100.00,859029,1.52e+01
9,Bordeau,2023-11,1.61e+01,6.09, 0.69 ,50.12,329 548,
7,Strasbourg ,2018-01,13.31, 1.63 ,0.60,46.48,315 847,1.06e+01
8,Montpeller,2020-08,1.91e+01,9.85,0.74,"67,4",None,16.36
4,Toulouse ,2019-07,"30,8","10,1",0.54,1.00e+02,580 217,"13,3"
5,Nîce,2022-11,15.20,11.24,0.69,67.80,242444.0,1.66e+01
7,Strasburg,2023-03,20.70,16.07,0.81,81.97,317 045,"11,7"
7,Strasb.,2022-04,6.74,"10,5",1.12,"44,8",387417.0,11.83
9,Bordeau,2023-05,20.83,1.16e+01,0.80,"75,3",282524,NaN
6,nantes,2018-01,24.64,7.74,4.96e-01,78.55,353081,1.24e+01
7,Strasburg,2023-10,15.28,12.48 ppb,, 74.24 ,265251,10.30
7,Strasbourg ,2023-12,,15.18,1.20, 70.05 ,332155.0,11.96
6,Nants,2021-07,15.97,"11,5",0.67,6.61e+01,285153.0,12.12
4,Toulouze,2016-10,25.53,"-999,0",0.53,78.95,450 379,13.19
8,Montpeller,2020-06,2.51e+01,1.94e+01,0.92,"100,0",306 534,14.86
10,Lilé,2024-08,19.64,?,5.10e-01, 76.08 ,-10,9.70
1,paris,2024-09,41.34,7.96e+00,0.45, 100.00 ,2150786.0,-30.00
2,Lyo n,2017-09,2.14e+01,17.25 ppb,0.88, 85.22 ,551620.0, 13.07 
10,Lilé,2020-05,2.59e+01,10.94,0.86, 87.78 ,158 119,10.96
6,Nantes,2017-12,21.04, 7.09 , 1.24 ,"81,6",320 628,1.33e+01
10,Lille  ,2024-04,15.74,None,1.25e+00,7.83e+01,200566.0,8.08 °C
3,marsEille,2018-02,26.69,14.81,1.21,100.00,875 441,17.20
8,montpellier,2017-12, 22.94 ,NaN,None,80.83,343071.0,15.25
1,París,2016-07,28.88 µg/m³,2.16,"0,4",80.11,2184923.0,12.37 °C
8, Montpellier,2016-06,23.11,5.08e+00,1.06,"76,1",270179.0,14.70
4,Toulouze,2022-08,30.52,4.69 ppb,0.96 ppm,98.80,478 530,13.46
9,Bordeau,2022-11,"17,2","15,4",0.79, 71.40 ,212440.0,13.46 °C
6,Nantes,2016-10,10.76,5.70,1.12e+00,4.19e+01,-10.0,1.34e+01
8, Montpellier,2018-10,-999.00,13.83,0.50,75.30,231748.0,15.70
8,Montpelier,2017-03, 15.28 ,16.90,0.48,72.19,317812,16.26
1,París,2021-02,29.02 µg/m³,10.05 ppb,0.72,91.00,2 149 225,1.27e+01
5,NICE,2023-11,9.52,10.44,1.03 ppm,51.34,309674.0,16.96
5,Nîce,2017-02,12.44,12.33,0.77 ppm,5.45e+01,289 572,14.54
1,París,2021-03,40.06, 13.84 ,1.24,1.00e+02,2 191 616,12.38
1, PARIS,2019-02,33.18 µg/m³,3.55,5.82e-01,99.53,2151214.0,11.12
6,Nante s,2024-07,25.78 µg/m³,5.57,0.61 ppm,78.13,240 210,12.89
9,Bordeau,2023-12,15.14,5.83 ppb,0.84,53.37,234 066,-30.00
6,nantes,2024-05,14.31,7.16,0.94,"49,1",390 439,1.31e+01
6,nantes,2023-02,1.45e+01,11.32 ppb,1.01e+00, 61.08 ,275387.0,10.33
8,Montpelier,2021-01,7.87,5.52,0.87,39.65,280406,1.40e+01
2,Lyon ,2020-10,28.88,1.83 ppb,0.64,-999,469 918,11.82
6,Nantes,2022-07,20.54,10.16,3.41e-01,63.43,324050,10.17
8,montpellier,2023-02,"5,6",9.91,0.98 ppm,37.62,None,15.35
4,Toulouse ,2018-07,27.20 µg/m³,12.19,0.40,95.91,525769,14.22
6,Nantes,2016-11,?,6.25,"0,8",61.86,365041.0,13.36
9,Bordeau,2019-03,NaN,"13,5",-999,58.89,240 877, 11.82 
4,Toulouze,2022-05,"20,5",10.71,0.56,7.16e+01,573 672,"14,8"
10,Lilé,2019-10,1.34e+01,13.68,0.57,65.15,348891,9.84
6,nantes,2021-03,16.93,11.58 ppb,8.73e-01,72.09,260709,12.02
1,París,2017-01,26.68,16.26,0.05,"95,6",2152352,11.90
10,lille,2022-02,1.90e+01,15.56,0.81, 73.53 ,211835.0,10.78 °C
8,Montpelier,2020-04,22.11,,0.99,82.00,191089,14.47
5,Nice,2016-08,25.38,"14,3", 0.75 ,97.06,288373,16.90
3,Marseile,2021-11,"36,0",?,1.05,100.00,,15.24
2,Lyon ,2019-01,"21,5",8.45,0.77, 75.77 ,552927.0,14.11
8,Montpelier,2022-01,16.23,15.81 ppb,1.08 ppm,74.72,249 577,12.91
6,Nantes,2020-06, 17.32 , 4.80 ,"0,8",?,200 503,13.49
4,Toulouse ,2023-06,14.95,12.77,0.55 ppm,"70,6",589625,1.27e+01
9,Bordeaux ,2018-10,"11,3",16.74 ppb,0.91,6.26e+01,327550.0,12.29 °C
8,Montpelier,2023-01,20.99, 3.23 ,0.66,59.84,341402, 16.07 
5,Nîce,2019-10,10.25, 12.73 , 88.00 ,51.19,298070.0,15.61
9,Bordeaux,2020-02,13.60,14.40,1.19,6.97e+01,264138.0,13.84
9,Bordeau,2020-07,14.97, 9.43 ,0.73,,291 880,14.06 °C
1,Paris ,2018-02,"29,3",11.39,0.53,96.68,2162653.0,11.49 °C
6,Nantes,2020-02,30.58,1.64e+01,0.87,"100,0",307548,12.14
7,Strasburg,2018-04,16.29 µg/m³,12.87,0.98,70.78,239 015,11.01 °C
1,Paris ,2022-10,"21,2",5.67 ppb,1.12 ppm,77.09,2147601.0,13.68
4,toulouse,2019-02,, 4.97 ,0.64 ppm,65.46,539366.0, 13.42 
2,Lyon ,2018-02,27.25 µg/m³,10.12,"0,9",90.08,524 806,None
1, PARIS,2016-02,41.21 µg/m³,"13,1",88.00, 100.00 ,2124829, 11.73 
8,Montpeller,2024-07,22.48,"11,3",1.27,81.58,325 905,14.47
1,Pari,2017-08,"25,3",1.12e+01,"0,7", 81.05 ,2205141,12.95
1, PARIS,2018-06,"29,5",NaN,0.70,1.00e+02,2134767,14.92
4,toulouse,2016-11,9.96,10.85, 0.70 ,4.41e+01,522962.0,14.44
5,Nice,2021-10, 18.82 ,"3,8",0.97,60.13,335318,17.83
10,Lille,2023-08,28.13 µg/m³, 12.35 , 1.46 ,96.22,206241.0,"10,6"
6,Nante s,2019-08,9999.00,8.57,1.00,61.93,312 261,12.35
4,toulouse,2018-03,30.39 µg/m³,6.39,0.48 ppm,9.60e+01,430529,"15,1"
1,Paris ,2022-12,19.12,4.47,0.93,73.36,2078071.0, 12.76 
5,NICE,2021-04,5.87 µg/m³,9.73e+00,NaN,42.79,385 568,16.61
4,Toulouse,2016-07, 18.26 ,4.48,"0,5",62.11,537 656,"14,0"
1,Paris ,2020-06,2.99e+01,9.48,"0,7",99.23,-999,14.29
5,Nice,2022-07,17.91 µg/m³,8.67 ppb,0.68,61.91,264276.0,16.82
2,lyon,2021-06,29.02,14.19, 1.12 ,100.00,573934,12.06
5,Nîce,2016-05, 12.24 ,"10,3",8.14e-01, 61.50 ,375225, 17.29 
5, nice,2020-09,24.72,13.94 ppb,0.92,89.61,295 537,17.46
8, Montpellier,2017-02, 18.34 , 8.76 , 0.99 , 54.66 ,299169,14.89
6,Nants,2018-07,14.36, 9.69 ,0.81,60.58,221199.0,
10,Lilé,2017-04,26.24,12.39,0.31,"83,0",265619.0,10.87
10,lille,2021-09,1.00e+04,7.49,1.24,78.38,201754,11.20
6,Nants,2022-04,21.20 µg/m³,13.36,1.00, 88.37 ,353 609,"12,0"
5, nice,2018-11,1.93e+01,2.86,0.61, 60.13 ,349191.0,19.19
10,Lille  ,2022-11,18.06 µg/m³,-9.99e+02,6.85e-01,62.92,301601.0,10.81
10,lille,2017-02,"25,2","11,6",1.22,94.68,220 253,"9,8"
4,Toulouse,2024-04,15.79,10.22,5.23e-01,5.37e+01,479149,13.19
6,Nants,2016-05,21.99,17.76,0.48,84.54,321572,12.95
2,Liyon,2019-06, 39.44 ,12.59,,100.00,580325,1.13e+01
5,Nice,2023-01,21.83, 12.33 ,0.67,82.64,304 655,17.36
3,Marseilles,2016-03,"44,1",1.43e+01,0.83 ppm,100.00,929510.0,16.06
7,Strasb.,2024-08, 26.57 ,13.27,1.04,9.64e+01,230650.0,11.86
7,Strasburg,2024-04, 15.51 , 14.66 ,0.83,?,311034.0,10.22
10,Lilé,2023-07,29.66 µg/m³,18.12, 0.79 , 100.00 ,249 883,10.76 °C
5, nice,2021-03,"22,8",8.96,0.79 ppm,7.55e+01,248 969,1.68e+01
6,Nants,2024-04,12.18,8.41e+00,1.01,55.06,261597.0,11.99 °C
5,Nice,2018-09,1.36e+01,8.59,0.51,"45,4",317193.0,1.67e+01
2,Lyon ,2018-12,22.03,"12,5", 0.75 ,"73,8",597 375,13.90 °C
2,Lyon ,2017-07,31.44 µg/m³,"10,7","88,0",100.00,491218.0,12.22
2,Lyon ,2019-09,29.24 µg/m³, 16.31 ,0.68, 100.00 ,550394.0,12.29
3,Marseille  ,2017-11, 30.01 ,10.67,0.93,100.00,903023.0,"14,9"
7,strasbourg,2024-09,17.36, 7.51 ,None,5.80e+01,269128,11.14
6,Nantes,2020-05,2.01e+01,20.05,0.24,82.51,342027,12.42
6,Nants,2023-06,7.37 µg/m³,11.89,"0,2",32.54,206 220,12.21 °C
5,Nîce,2024-08,22.59 µg/m³,5.29,"1,1",83.19,376781,"18,3"
10,Lilé,2019-12,20.11,7.05,1.09 ppm,NaN,None,10.36
9,bordeaux,2021-08, 12.72 ,9.57e-01,9.97e-01,50.90,232341.0,13.55 °C
3,Marseilles,2018-08,"51,1",,0.91,,789081.0,13.74
6,Nantes,2018-10, 10.27 ,11.17,0.74,"46,7",317 049,13.89
2,Liyon,2016-01,24.92,1.28e+01,1.16,98.74,506555.0,10.99
4,Toulouze,2020-12,32.85, 3.99 ,0.96,92.76,470801,13.75
4,Toulouse,2017-02,"39,2",4.76 ppb, 0.05 ,100.00,580 025,1.47e+01
4,toulouse,2017-04,36.54,21.04,0.80,None,488721, 11.73 
6,Nantes,2021-05, 29.39 ,6.21 ppb,88.00,91.51,232859,11.67
1,París,2019-09,24.73,5.01 ppb,1.11, 73.26 ,2125997.0,12.33
8, Montpellier,2021-03,1.96e+01,None,0.57,71.41,341355.0,1.52e+01
6,Nantes,2021-02,13.32,"9999,0",0.36,5.63e+01,311701,12.41
4,Toulouze,2022-10,3.21e+01,5.92,-8.00,95.15,501 265,13.13
7,Strasb.,2024-01,17.42 µg/m³,6.45,NaN, 66.27 ,295372.0,-999
9,Bordeaux ,2020-09,1.22e+01,7.35,0.89,47.27,217 182,13.19
5,Nice,2022-03,"14,4",10.68,0.46,55.46,370510.0,16.66
4,toulouse,2016-01,3.26e+01, 8.52 ,0.79, 100.00 ,546302,13.45
5,Nîce,2020-10,20.93,15.89,0.55,80.50,258025.0, 16.11 
2,Lyon ,2021-01,"36,4",NaN,1.03e+00,100.00,623763.0,11.41
2,Liyon,2018-06,"47,7","8,5",0.59 ppm,"100,0",598 978,11.58
4,Toulouze,2024-03,"32,0",6.33e+00,0.60, 93.97 ,538 790,14.42
3,Marseille  ,2016-05,None,14.54,0.82, 100.00 ,863 223,13.52
7,strasbourg,2018-08,"18,4","12,5",0.73, 62.06 ,270582.0,10.49
3,marsEille,2016-10,19.76,3.35,1.00,6.83e+01,831174.0,"12,9"
5,Nice,2017-11,"26,8",10.01,0.95,9.83e+01,302875.0,1.60e+01
5, nice,2023-04,18.30,11.01 ppb,"0,7",65.00,392 435,18.16 °C
10,lille,2016-06,19.19,3.39 ppb,6.70e-01, 56.76 ,199 143,10.00
6,Nantes,2023-04,13.12,13.29,0.76, 60.40 ,261231,13.60
6,nantes,2019-04,13.70,4.86 ppb,0.94,4.05e+01,367679.0,1.37e+01
4,Toulouse,2018-08,30.95,10.08,0.87, 100.00 ,472297,12.93 °C
9,Bordeaux,2018-07,15.17,4.01,"1,0",52.84,235 555,"15,4"
8, Montpellier,2016-02,9999.00,7.61,0.79 ppm,39.94,294976,14.94 °C
2,Liyon,2018-05,29.40,13.56 ppb,0.72,1.00e+02,494135,13.51 °C
9,Bordeau,2016-03,21.76 µg/m³,8.65,0.49,76.89,243461,13.29 °C
10,Lille  ,2017-07,12.09,15.70,0.84 ppm,54.46,256644,11.53
9,Bordeaux ,2016-12,10.98,7.85,0.58,37.65,219115,1.27e+01
2,Liyon,2022-07, 48.63 ,9.77,"0,8",100.00,575 276, 13.29 
10,Lilé,2019-03,,"15,5", 0.73 ,97.33,241003,"10,4"
10,lille,2021-01,16.75,"16,6",0.03,66.28,160458,10.22
8,Montpeller,2024-02,8.51,13.27,0.35,42.53,287118.0,14.93
9,bordeaux,2017-07,8.12,6.33,1.03e+00,"39,3",263978.0,"14,6"
3,Marseile,2023-06,40.05,"13,1",-8.00 ppm,"100,0",829378,15.86
3,Marseile,2022-06,49.81 µg/m³, 18.31 ,1.33,100.00,863771.0,13.90
10,Lille  ,2023-01,26.57,9.86,0.88,8.98e+01,185705,None
10,Lille  ,2021-06,20.97,21.02,1.00,92.29,160699.0,65.00 °C
7,strasbourg,2022-12,16.66,5.12, 0.88 ,,315744.0,"11,6"
8,Montpelier,2018-12,"18,8",5.66,0.48,6.09e+01,355 196,14.74
9,Bordeaux ,2016-01,21.82,2.18,0.61,64.96,-10,15.53
8,montpellier,2017-04,14.00 µg/m³,7.07,0.97,,222 753,1.45e+01
7,Strasburg,2023-09,11.83,13.07,"1,0", 62.64 ,193 162,10.04
1, PARIS,2016-11,22.69,9.26,0.42,6.89e+01,2 188 626,13.56
3,Marseilles,2024-11,27.37 µg/m³,-999.00,1.63e+00,94.49,872 686,"16,0"
6,Nantes,2016-01,18.07,None,0.28,85.52,301359,13.07
3,Marseile,2018-12, 9999.00 ,1.66e+01,"0,9",1.00e+02,802915.0,15.31 °C
2,Lyo n,2024-04,2.18e+01,5.94 ppb,None,"62,6",521 704,1.13e+01
4,toulouse,2021-10,11.01, 11.63 ,4.43e-01,42.65,413 882,1.46e+01
6,Nants,2024-01,"15,7",9.51 ppb,None,53.60,290005,12.57
1, PARIS,2021-10,29.99,7.01,1.09,96.94,2 206 964,12.27
7,Strasbourg ,2018-02,?,8.69 ppb,0.90,79.48,209205.0,-999
2,lyon,2023-03,36.20 µg/m³,1.98e+01, 1.05 ,100.00,549 737,12.95
7,strasbourg,2016-02,18.77,16.81, 1.26 ,88.27,311467.0,11.18
6,Nantes,2018-09,None,9.61,"1,3",84.37,338 687,11.02
9,Bordeaux ,2017-08,2.00e+01, 11.12 ,0.65,"71,5",302894.0,14.35
2,Lyon ,2016-05,23.92 µg/m³,8.51e+00,0.35,72.15,464471.0,13.85
4,Toulouse ,2016-02,11.04,15.05 ppb,0.47,51.65,460 216,14.87 °C
6,Nants,2022-01,11.14,13.28 ppb,-999,"55,0",313 659,12.15 °C
8,montpellier,2024-04,20.62,13.38,0.80,81.85,220888,-999
3,Marseilles,2024-01,2.91e+01,15.74,1.23,1.00e+02,831891.0,1.53e+01
5, nice,2016-01,"16,0",1.02e+01,9.12e-01,53.16,,16.71
5, nice,2021-11,"9,2",4.41,0.55,"40,5",264032,1.37e+01
4,Toulouse ,2017-06,,9.96e+00,6.18e-01, 89.41 ,531254,12.63 °C
7,strasbourg,2021-11, 20.18 ,9.77 ppb,0.85,64.91,314735,"11,2"
6,Nantes,2021-12,22.39,"12,4","0,7", 82.85 ,361472,13.17
3,Marseille  ,2019-08,3.00e+01,13.76,1.11, 100.00 ,934634.0,15.23
5,NICE,2022-04,13.03,10.90 ppb,8.79e-01,47.46,397 953,16.16 °C
6,Nantes,2022-11,5.89,10.58 ppb,0.90,-999,287107.0,12.14
5, nice,2016-10,14.20,"4,4","0,7",53.62,294612,"18,0"
8,Montpeller,2019-04,1.81e+01,"6,1",0.86,63.09,183984.0,15.78
3,Marseile,2021-06,27.38,12.97,0.92,95.86,,15.03
4,toulouse,2022-12,15.37,12.76,5.74e-01,64.62,504711.0,13.27
2,Lyo n,2022-08,"32,7",5.43,1.11,"95,4",-999,"11,3"
5,NICE,2016-11,18.96,14.12,0.54 ppm, 78.21 ,285 403,?
6,Nante s,2023-11,12.64, 12.05 ,0.71,"46,9",342748,13.11
9,bordeaux,2020-01,14.18,8.00,0.66 ppm,62.22,250 834,13.78
9,Bordeau,2018-12,None,13.21 ppb,0.76,5.25e+01,165361.0,?
5,Nîce,2018-04,1.58e+01,8.19,"0,7",?,283 469,17.12 °C
1,Pari,2023-09,"37,5",11.02,0.78 ppm,100.00,2123619.0,11.77
4,Toulouse ,2023-03,27.68,"13,0",0.82,?,533457,"14,4"
7,Strasb.,2016-04,31.14,5.25,1.02,92.20,219236,11.02
7,strasbourg,2020-12,17.35,15.35,8.48e-01,"67,2",298 214,13.00
6,Nantes,2018-11,22.17,5.44,0.67,66.28,290615.0,11.89
10,Lilé,2024-06,NaN, 14.53 ,0.27,86.96,162832,None
5,NICE,2021-12,1.38e+01,12.21 ppb,1.00,60.40,319428.0,17.65
7,Strasbourg ,2019-03,"19,9",2.93,0.70,55.86,259 617,1.07e+01
5,Nîce,2019-08, 13.24 ,1.33e+01,0.42, 58.44 ,-999,15.99
10,Lilé,2021-03,13.23,19.59,7.20e-01,70.32,228836.0,1.00e+01
6,Nante s,2017-06,11.84,"14,9",0.46 ppm, 64.72 ,295 780,
8, Montpellier,2020-11,21.79,8.10,0.51,79.76,311374.0,15.64
7,Strasburg,2016-11,NaN,5.86,0.99,"63,5",399204,11.37
2,Liyon,2017-11, 28.60 ,4.66 ppb,0.80,89.49,547 989,13.18
4,Toulouze,2018-10,28.56,10.98 ppb,0.64 ppm,1.00e+02,409 954,12.67
6,Nants,2017-11,26.71 µg/m³,1.72e+01,2.79e-01,90.28,296009.0,NaN
6,Nants,2021-10,18.90,11.46 ppb, 0.70 , 61.01 ,318 024,"14,5"
2,Liyon,2023-06,"-999,0",3.72,0.45 ppm, 100.00 ,470 875,1.19e+01
2,Lyon ,2024-12,30.50,19.97,0.70,1.00e+02,524091.0,1.20e+01
7,Strasb.,2024-07,14.70,5.51,0.36,"50,7",279296,11.18
9,bordeaux,2024-10,3.05,1.27e+01, 0.50 ,,197508.0,1.35e+01
1,París,2017-06,23.92,"6,8","0,7", 78.59 ,2242309,12.37
10,lille,2020-11,"28,5",10.53,0.32,1.00e+02,228 945, 9.95 
5,Nice,2020-02, 13.36 ,15.55,6.04e-01,6.47e+01,347 062,14.37
6,Nante s,2018-12,15.13,4.98,0.67,"49,2",163527.0,14.35
5,Nîce,2019-04,"22,9", 9.75 ,88.00,7.95e+01,254806.0,15.58
5,Nice,2016-09,25.97,9.13 ppb,0.49 ppm,80.24,285518.0,15.72
9,bordeaux,2023-02,2.54e+01,12.10,6.00e-01,"84,0",254751,14.41
7,Strasbourg ,2018-10,27.79,12.38,?,97.93,235 068,12.22
8,montpellier,2016-04,17.52,8.80,"0,4",63.29,NaN,15.66
3,marsEille,2019-06,50.34,9.81, 0.66 ,1.00e+02,810080,15.80
8, Montpellier,2016-08,14.60,13.33,0.75,5.91e+01,299 702,15.78 °C
4,Toulouse,2024-09,34.73,"9,1",0.71, 100.00 ,475016,13.45
8,montpellier,2018-02,13.22,6.20,3.39e-01,43.33,295864.0,15.24 °C
2,Liyon,2018-04,2.53e+01,8.24e+00,1.06,"87,3",571 592,"10,6"
5, nice,2021-06,20.16,11.15,0.29, 65.18 ,333864.0,16.59
6,nantes,2023-12,12.04 µg/m³,11.68 ppb,4.86e-01,"53,0",246775.0,10.51 °C
5,Nice,2020-11,21.58, 8.13 ,"0,9",73.80,356 202,"15,4"
7,Strasburg,2017-06,"9,4",None,0.25,44.43,186745,10.83
5,NICE,2018-05,"19,6",6.78, 0.92 ,"65,3",352658.0,17.32
1,Pari,2022-05,26.04,5.86,0.56, 73.51 ,2246236,12.24
9,Bordeaux ,2017-12,22.05,1.08e+01,0.75,,234112.0,14.02
6,Nantes,2017-01,30.52,5.94,0.61 ppm,93.38,307304.0,11.32
10,lille,2019-08,26.97 µg/m³, 12.45 ,0.79,89.65,235607.0,11.44
10,lille,2020-04,21.92 µg/m³,16.59,0.69,86.39,231171,"11,4"
1,París,2021-06,18.91, 11.97 ,"0,4",78.09,2 206 972, 11.73 
10,Lille,2021-11,40.59,13.45, 0.72 ,100.00,301488.0,9.35
2,lyon,2024-03,42.10,7.79,"0,8",100.00,501043.0,11.90
1,París,2016-09,30.09,2.95,0.78,85.54,2 114 153,12.81
1,Pari,2022-06,20.70,10.86,0.67,7.37e+01,2178708,12.96
10,Lilé,2018-06,19.29,4.39,1.18 ppm,"62,4",229063.0,11.15
1,Pari,2020-11,20.53 µg/m³,9.15,0.78,8.02e+01,2 190 882,1.20e+01
8,Montpelier,2016-07,22.85,"7,7",0.51 ppm, 72.65 ,241151,16.82
10,Lille,2016-05,5.59, 9.51 ,0.75,32.59,294170.0, 11.93 
5,Nice,2019-05,24.64,8.90,0.64 ppm,79.85,435 206, 18.13 
4,Toulouse,2024-05,48.84,1.17e+01,-999,100.00,541 069,15.59
4,Toulouse,2020-06,38.12,5.72,0.87,1.00e+02,401 070,13.82
5, nice,2020-01,4.11 µg/m³,1.52e+00,0.55 ppm,20.33,202624.0,16.00
5, nice,2021-05,23.02,6.61 ppb,8.36e-01,76.84,353201,17.77
6,Nante s,2023-08,19.90,-999,0.75,73.40,339 308,"11,9"
9,Bordeaux,2021-09,12.13 µg/m³,11.53,?,48.72,None,1.35e+01
10,Lilé,2023-09,NaN,"18,1",0.83,90.26,274125.0, 11.45 
3,marsEille,2024-08,12.95,9.40,"0,6","49,4",851592.0,15.03
4,Toulouse ,2019-05,"7,1",16.13,0.34,44.04,468537.0,"14,1"
4,toulouse,2023-05, 19.93 ,4.48e+00,7.76e-01,6.79e+01,478 456, 14.95 
2,lyon,2018-10,29.60,19.82,"0,5",100.00,488 842,11.54
9,Bordeau,2024-07,32.93 µg/m³,8.97,"0,8",100.00,274761,13.56
1,París,2023-05,29.34, 6.38 ,0.86,83.21,2144696.0,10.99
6,nantes,2024-12,6.94,6.44, 0.68 ,36.52,200193.0,12.14
8, Montpellier,2021-04,1.04e+01,10.85,0.97,5.00e+01,367555,16.29
8, Montpellier,2020-09,10.53,"10,9",0.55,"43,1",232996,15.43
3,marsEille,2024-12,44.13, 12.47 ,0.93,100.00,873 456, 65.00 
10,Lilé,2016-01,13.66,15.94,0.90,64.90,136 766,12.14 °C
8, Montpellier,2016-11, 16.33 ,"15,2",0.81,"78,2",289201,15.94 °C
9,bordeaux,2017-09,14.81,1.43e+01,0.67,60.94,222051,NaN
3,Marseile,2024-10,-999, 10.63 ,1.17e+00,50.12,798522.0,16.00
1,paris,2021-01,31.67,16.13,0.67,100.00,2182507,11.80
5,NICE,2020-07,15.25,12.67,"0,7",-999,304 058,17.25
8, Montpellier,2024-10,14.98 µg/m³,9.40,0.51 ppm,50.99,315494.0,13.73
9,Bordeaux ,2019-04, 13.12 ,5.28,0.71,41.86,306298.0,13.71
9,Bordeaux ,2021-03,16.61,14.20 ppb,0.69 ppm,73.62,207 723,13.77 °C
8,Montpeller,2022-09,5.37e+00,18.17 ppb,0.74,50.06,297 104,14.26
10,lille,2016-08,3.08e+01,7.30,,93.27,191129,1.10e+01
4,Toulouze,2021-02,24.11 µg/m³,"17,2",0.76,96.12,523296.0,1.39e+01
9,Bordeaux,2021-02,10.95,11.63 ppb,0.66,,256 821,12.35
4,Toulouze,2023-12,"25,9", 11.31 , 0.72 ,77.76,478510.0,12.65 °C
8,Montpelier,2017-01,22.12,6.64,0.72 ppm,62.33,372097.0,14.49
5,Nice,2016-02,,8.03,"0,2",74.16,308231,"15,3"
3,Marseile,2023-02,35.28,14.44,0.37,100.00,835 846,15.65
4,toulouse,2023-02,9999.00 µg/m³,15.95, 0.55 ,"100,0",514984.0,13.97
3,Marseille  ,2022-09,25.79,"11,8",0.71,85.87,789684,1.54e+01
3,Marseile,2024-04,38.30,12.03,0.71,"100,0",855581.0,15.13 °C
3,marsEille,2020-08,27.57,18.15,0.86,100.00,884236,14.65
1, PARIS,2019-11,-999,7.60,0.72,88.63,2153675,12.86
1,Pari,2023-03,31.51, 6.09 ,0.72, 98.91 ,2 064 529,12.74
2,Lyon ,2016-02,50.16,10.24,0.70, 100.00 ,529904,11.96
4,Toulouse ,2019-01,"17,0",10.99,0.82 ppm,72.92,?,12.48
6,Nante s,2024-10,9.66 µg/m³,10.63,0.43, 36.97 ,273 031, 13.49 
1,Pari,2017-05,29.67,1.10e+01, 0.70 , 96.57 ,2077231,11.78 °C
5,NICE,2021-02,22.33,?,0.49 ppm,66.09,313 551,"15,4"
8, Montpellier,2020-12,13.07 µg/m³,"5,1",0.56,45.31,246788,"15,0"
2,Lyo n,2023-02,35.84,8.70, 0.08 ,100.00,450 521,10.45
10,Lille,2023-05,28.07,1.74e+01,0.69 ppm,100.00,301512,12.49
6,nantes,2023-05,"22,0",7.79,0.95, 73.67 ,270 899,11.54 °C
9,Bordeaux,2016-04,17.01,1.31e+01, 1.30 ,"79,2",317991.0,13.29
8,Montpeller,2023-03,20.05,8.91 ppb,0.40,61.85,335467, 15.02 
9,Bordeaux ,2017-03,8.99,-999.00,-999,6.50e+01,200 013,14.50
9,Bordeaux ,2023-10,16.31 µg/m³,"4,1", -8.00 , 51.39 ,240 806,14.00
4,Toulouze,2022-06,15.30,13.32,0.90 ppm, 61.52 ,530938.0, 15.04 
8,Montpelier,2020-03,15.19,"7,0",1.04 ppm, 55.53 ,-999,15.08
5,Nice,2024-12,9.29,10.76,88.00,42.59,?,17.44 °C
5,Nîce,2016-07,13.81,8.08 ppb,0.77,,349 864,16.81
2,Lyo n,2018-09,26.55,12.70,0.42, 91.54 ,528322.0,"12,6"
2,Lyo n,2023-07,3.20e+01, 6.13 ,7.26e-01,89.66,489931,12.42
9,Bordeaux ,2018-02,12.03,8.01e+00, 0.57 ,43.80,242 640,"14,6"
5,NICE,2018-12,18.09,"6,0","0,7",52.08,335970.0,15.67 °C
10,Lille  ,2018-03,24.73 µg/m³,10.11,1.00e+00,88.54,182084,1.12e+01
1,paris,2017-03,19.72,7.99e+00,0.93,72.23,2121511,1.27e+01
1,paris,2023-04,21.04,12.28 ppb,0.51 ppm,6.71e+01,2066622.0,12.25 °C
3,Marseilles,2020-02,20.82,2.02e+00,"-8,0",69.32,741853,14.49
3,Marseille  ,2019-11,3.56e+01, 5.49 ,0.98,"100,0",779 243,1.67e+01
3,Marseille  ,2016-07,"30,1",19.16,0.88,100.00,829 329,15.20
10,Lilé,2019-09,13.37,"12,4",0.91 ppm,57.56,202 607,10.93
7,Strasbourg ,2024-12,22.81,16.54,"1,0",87.34,327122.0,10.16
1,Pari,2016-04,18.83 µg/m³,4.35,1.07 ppm,63.13,None,10.78
5,Nice,2019-06,28.18,9.36,0.77,"84,7",413 846,15.33
7,strasbourg,2017-02,2.38e+01, 2.93 ,1.44,8.49e+01,270140,9.70 °C
2,Liyon,2018-08,26.69,10.94,"1,1", 89.01 ,569216.0,11.89
5,Nîce,2022-12, 6.38 ,13.04 ppb,0.68 ppm,44.38,296805,17.78
4,Toulouze,2017-07,21.08 µg/m³,8.79,NaN,65.41,466188.0,14.37
9,Bordeaux,2022-05,20.45,7.76e+00,0.01,"69,6",50000000.0,12.06
1,Pari,2020-04,38.50,7.63,0.84,"100,0",2 137 115,"13,3"
5,Nîce,2024-03,21.48,1.21e+01,0.42,?,300 990,1.78e+01
5, nice,2016-03,12.83,"9,3",0.55,40.42,384853.0,?
5,Nice,2024-10,2.36e+01, 12.78 ,0.77,"80,9",297657, 17.75 
7,Strasburg,2019-12, 10.49 ,?,"0,7",4.52e+01,281 231,"11,3"
6,Nants,2017-04,23.48 µg/m³,3.82,1.10,78.28,379979.0,10.96
9,Bordeaux ,2023-03,16.06, 9.13 ,0.71,57.98,,11.71
4,Toulouze,2018-12, 15.66 ,7.53,0.61 ppm, 54.92 ,554082.0,14.06 °C
3,Marseilles,2019-04,33.92,3.51e+00,"0,9",98.70,836698,13.91
4,Toulouse ,2021-07,33.29,11.68,0.82,100.00,382 332,14.60
7,strasbourg,2022-01,21.46,1.15e+01, 1.21 , 77.55 ,251 874,11.84
4,Toulouze,2019-12,39.78 µg/m³,7.60,0.23,100.00,455768,14.29
2,lyon,2020-03,"26,6",10.97 ppb,0.64 ppm,9.11e+01,457423,13.54
4,Toulouze,2023-04,20.13,10.15,"0,9",7.32e+01,543648.0,None
10,Lille  ,2018-08,20.54,1.66e+01,"0,9",87.43,356609,10.42
5,Nîce,2020-05,8.01,1.30e+01,0.60,39.83,317 499,17.76
2,lyon,2019-03,2.23e+01, 10.90 ,0.70 ppm, 85.10 ,646346,11.57
8,Montpelier,2021-11,16.83,14.24 ppb,0.69, 72.81 ,284062.0,1.40e+01
8,Montpeller,2023-04,17.17,8.30e+00,0.62,66.85,283237,13.66
6,Nants,2019-01,24.53,8.49,0.70,75.26,394 786, 14.20 
8,Montpeller,2022-10,16.88,3.60,1.27,54.13,248401,14.56
10,Lilé,2024-11,"-999,0",8.82,0.85,83.71,238468.0,NaN
6,Nants,2020-01,7.01, 5.79 ,"1,1", 46.25 ,304828.0,"11,1"
3,marsEille,2022-03,31.27,11.19,0.86,100.00,813632,15.74
8, Montpellier,2024-11,15.51 µg/m³,6.02,0.84,"65,2",234 920,13.15
2,Lyon ,2024-10,28.73,"8,8", 0.73 ,91.54,555405.0,13.06 °C
4,toulouse,2020-09,11.47,7.29,1.00,44.68,466779,?
1,Paris ,2024-04,36.34 µg/m³,7.96,0.63, 100.00 ,2125785,12.58
5, nice,2022-01,6.10,8.45 ppb,0.75,37.65,314509.0,16.53
6,Nants,2020-09,1.30e+01,7.45e+00,0.50, 43.32 ,?,"13,6"
1,Paris ,2019-04,46.30,"12,5",1.94e-01,"100,0",2114910,13.05
4,Toulouze,2017-05,2.07e+01,8.36,"0,6",70.86,448879,14.62
1,Paris ,2016-03,"29,2",2.35e+00,0.27,76.34,2097358,12.51
5,NICE,2017-08, 16.98 ,10.10,0.61,7.15e+01,50000000,18.03
6,Nante s,2021-09,NaN,8.28e+00,0.80,"79,9",332238.0,11.47
4,Toulouse ,2024-01,28.58,21.94,0.79,100.00,536090.0,1.40e+01
8, Montpellier,2023-07,?,14.15,7.84e-01, 82.07 ,250320.0,15.14 °C
2,Lyon ,2016-04,24.71,16.02,0.04,91.62,582304.0,10.03
3,Marseilles,2016-09,"42,7",4.87,0.07 ppm,100.00,-999,15.28
9,Bordeau,2022-07,1.55e+01,1.45e+01,0.48,61.28,310513.0,13.76
1, PARIS,2022-02,11.67,9.78e+00,0.80,51.64,2 044 627,12.11
1,París,2019-12,-999.00,5.05 ppb,1.23, 100.00 ,2140410,12.79
6,Nantes,2024-03,25.09,11.92,0.65,8.45e+01,361804.0,10.88
2,lyon,2016-06,35.42,15.09,0.88,"100,0",493773,12.59
1,París,2024-01,29.12 µg/m³,13.08,0.33,100.00,2164924.0,"11,8"
1,Paris ,2024-11,34.41 µg/m³,9999.00,0.38, 98.76 ,2 131 210,13.87
10,Lille,2021-10,-9.99e+02,1.51e+01,0.33 ppm, 94.65 ,None, 10.34 
